ISO-10303-21;
HEADER;
/* Generated by software containing ST-Developer
 * from STEP Tools, Inc. (www.steptools.com) 
 */
/* OPTION: using custom renumber hook */

FILE_DESCRIPTION(
/* description */ ('STEP AP242',
'CAx-IF Rec.Pracs.---Representation and Presentation of Product Manufa
cturing Information (PMI)---4.0---2014-10-13',
'CAx-IF Rec.Pracs.---3D Tessellated Geometry---0.4---2014-09-14','2;1'),

/* implementation_level */ '2;1');

FILE_NAME(
/* name */ '68fd7e19fac3c0ba506a787c',
/* time_stamp */ '2025-10-26T01:49:14Z',
/* author */ (''),
/* organization */ (''),
/* preprocessor_version */ 'ST-DEVELOPER v20',
/* originating_system */ 'ONSHAPE BY PTC INC, 1.205',
/* authorisation */ '  ');

FILE_SCHEMA (('AP242_MANAGED_MODEL_BASED_3D_ENGINEERING_MIM_LF { 1 0 10303 442 1 1 4 }'));
ENDSEC;

DATA;
#10=SHAPE_REPRESENTATION_RELATIONSHIP('','',#1451,#11);
#11=ADVANCED_BREP_SHAPE_REPRESENTATION('',(#1449),#2416);
#12=CONICAL_SURFACE('',#1542,0.007,0.78539816339745);
#13=CONICAL_SURFACE('',#1545,0.007,0.785398163397449);
#14=CONICAL_SURFACE('',#1549,0.0055,0.785398163397448);
#15=CONICAL_SURFACE('',#1551,0.0035,0.785398163397448);
#16=CONICAL_SURFACE('',#1557,0.0035,0.785398163397448);
#17=CONICAL_SURFACE('',#1582,0.0035,0.785398163397448);
#18=CONICAL_SURFACE('',#1586,0.0315,0.785398163397448);
#19=CONICAL_SURFACE('',#1588,0.0035,0.785398163397448);
#20=TOROIDAL_SURFACE('',#1533,0.009,0.0045);
#21=TOROIDAL_SURFACE('',#1535,0.009,0.0045);
#22=DEGENERATE_TOROIDAL_SURFACE('',#1519,0.0035,0.0045,.T.);
#23=DEGENERATE_TOROIDAL_SURFACE('',#1521,0.0035,0.0045,.T.);
#24=LINE('',#2028,#171);
#25=LINE('',#2031,#172);
#26=LINE('',#2035,#173);
#27=LINE('',#2039,#174);
#28=LINE('',#2041,#175);
#29=LINE('',#2044,#176);
#30=LINE('',#2046,#177);
#31=LINE('',#2050,#178);
#32=LINE('',#2058,#179);
#33=LINE('',#2061,#180);
#34=LINE('',#2063,#181);
#35=LINE('',#2065,#182);
#36=LINE('',#2067,#183);
#37=LINE('',#2070,#184);
#38=LINE('',#2072,#185);
#39=LINE('',#2074,#186);
#40=LINE('',#2076,#187);
#41=LINE('',#2080,#188);
#42=LINE('',#2084,#189);
#43=LINE('',#2093,#190);
#44=LINE('',#2095,#191);
#45=LINE('',#2097,#192);
#46=LINE('',#2099,#193);
#47=LINE('',#2102,#194);
#48=LINE('',#2104,#195);
#49=LINE('',#2106,#196);
#50=LINE('',#2108,#197);
#51=LINE('',#2110,#198);
#52=LINE('',#2112,#199);
#53=LINE('',#2114,#200);
#54=LINE('',#2116,#201);
#55=LINE('',#2118,#202);
#56=LINE('',#2120,#203);
#57=LINE('',#2122,#204);
#58=LINE('',#2124,#205);
#59=LINE('',#2126,#206);
#60=LINE('',#2130,#207);
#61=LINE('',#2132,#208);
#62=LINE('',#2134,#209);
#63=LINE('',#2136,#210);
#64=LINE('',#2141,#211);
#65=LINE('',#2145,#212);
#66=LINE('',#2149,#213);
#67=LINE('',#2151,#214);
#68=LINE('',#2153,#215);
#69=LINE('',#2155,#216);
#70=LINE('',#2157,#217);
#71=LINE('',#2160,#218);
#72=LINE('',#2162,#219);
#73=LINE('',#2166,#220);
#74=LINE('',#2168,#221);
#75=LINE('',#2170,#222);
#76=LINE('',#2172,#223);
#77=LINE('',#2174,#224);
#78=LINE('',#2176,#225);
#79=LINE('',#2178,#226);
#80=LINE('',#2180,#227);
#81=LINE('',#2182,#228);
#82=LINE('',#2184,#229);
#83=LINE('',#2186,#230);
#84=LINE('',#2191,#231);
#85=LINE('',#2195,#232);
#86=LINE('',#2199,#233);
#87=LINE('',#2201,#234);
#88=LINE('',#2204,#235);
#89=LINE('',#2205,#236);
#90=LINE('',#2207,#237);
#91=LINE('',#2210,#238);
#92=LINE('',#2212,#239);
#93=LINE('',#2214,#240);
#94=LINE('',#2216,#241);
#95=LINE('',#2219,#242);
#96=LINE('',#2220,#243);
#97=LINE('',#2222,#244);
#98=LINE('',#2225,#245);
#99=LINE('',#2226,#246);
#100=LINE('',#2231,#247);
#101=LINE('',#2235,#248);
#102=LINE('',#2237,#249);
#103=LINE('',#2239,#250);
#104=LINE('',#2241,#251);
#105=LINE('',#2243,#252);
#106=LINE('',#2245,#253);
#107=LINE('',#2247,#254);
#108=LINE('',#2251,#255);
#109=LINE('',#2255,#256);
#110=LINE('',#2257,#257);
#111=LINE('',#2259,#258);
#112=LINE('',#2261,#259);
#113=LINE('',#2264,#260);
#114=LINE('',#2267,#261);
#115=LINE('',#2269,#262);
#116=LINE('',#2271,#263);
#117=LINE('',#2313,#264);
#118=LINE('',#2314,#265);
#119=LINE('',#2316,#266);
#120=LINE('',#2318,#267);
#121=LINE('',#2320,#268);
#122=LINE('',#2322,#269);
#123=LINE('',#2323,#270);
#124=LINE('',#2325,#271);
#125=LINE('',#2327,#272);
#126=LINE('',#2329,#273);
#127=LINE('',#2331,#274);
#128=LINE('',#2332,#275);
#129=LINE('',#2334,#276);
#130=LINE('',#2336,#277);
#131=LINE('',#2338,#278);
#132=LINE('',#2340,#279);
#133=LINE('',#2342,#280);
#134=LINE('',#2344,#281);
#135=LINE('',#2346,#282);
#136=LINE('',#2348,#283);
#137=LINE('',#2350,#284);
#138=LINE('',#2352,#285);
#139=LINE('',#2354,#286);
#140=LINE('',#2356,#287);
#141=LINE('',#2358,#288);
#142=LINE('',#2360,#289);
#143=LINE('',#2362,#290);
#144=LINE('',#2364,#291);
#145=LINE('',#2366,#292);
#146=LINE('',#2368,#293);
#147=LINE('',#2370,#294);
#148=LINE('',#2371,#295);
#149=LINE('',#2373,#296);
#150=LINE('',#2375,#297);
#151=LINE('',#2377,#298);
#152=LINE('',#2379,#299);
#153=LINE('',#2381,#300);
#154=LINE('',#2382,#301);
#155=LINE('',#2384,#302);
#156=LINE('',#2386,#303);
#157=LINE('',#2388,#304);
#158=LINE('',#2390,#305);
#159=LINE('',#2392,#306);
#160=LINE('',#2393,#307);
#161=LINE('',#2395,#308);
#162=LINE('',#2397,#309);
#163=LINE('',#2399,#310);
#164=LINE('',#2401,#311);
#165=LINE('',#2403,#312);
#166=LINE('',#2405,#313);
#167=LINE('',#2407,#314);
#168=LINE('',#2409,#315);
#169=LINE('',#2411,#316);
#170=LINE('',#2413,#317);
#171=VECTOR('',#1607,1.);
#172=VECTOR('',#1608,1.);
#173=VECTOR('',#1611,1.);
#174=VECTOR('',#1614,1.);
#175=VECTOR('',#1617,1.);
#176=VECTOR('',#1618,1.);
#177=VECTOR('',#1619,1.);
#178=VECTOR('',#1622,1.);
#179=VECTOR('',#1631,1.);
#180=VECTOR('',#1632,1.);
#181=VECTOR('',#1633,1.);
#182=VECTOR('',#1634,1.);
#183=VECTOR('',#1637,1.);
#184=VECTOR('',#1638,1.);
#185=VECTOR('',#1639,1.);
#186=VECTOR('',#1640,1.);
#187=VECTOR('',#1641,1.);
#188=VECTOR('',#1644,1.);
#189=VECTOR('',#1647,1.);
#190=VECTOR('',#1658,1.);
#191=VECTOR('',#1659,1.);
#192=VECTOR('',#1660,1.);
#193=VECTOR('',#1663,1.);
#194=VECTOR('',#1664,1.);
#195=VECTOR('',#1665,1.);
#196=VECTOR('',#1666,1.);
#197=VECTOR('',#1667,1.);
#198=VECTOR('',#1668,1.);
#199=VECTOR('',#1669,1.);
#200=VECTOR('',#1670,1.);
#201=VECTOR('',#1671,1.);
#202=VECTOR('',#1672,1.);
#203=VECTOR('',#1673,1.);
#204=VECTOR('',#1674,1.);
#205=VECTOR('',#1675,1.);
#206=VECTOR('',#1676,1.);
#207=VECTOR('',#1681,1.);
#208=VECTOR('',#1682,1.);
#209=VECTOR('',#1683,1.);
#210=VECTOR('',#1686,1.);
#211=VECTOR('',#1689,1.);
#212=VECTOR('',#1692,1.);
#213=VECTOR('',#1695,1.);
#214=VECTOR('',#1696,1.);
#215=VECTOR('',#1697,1.);
#216=VECTOR('',#1698,1.);
#217=VECTOR('',#1701,1.);
#218=VECTOR('',#1702,1.);
#219=VECTOR('',#1703,1.);
#220=VECTOR('',#1706,1.);
#221=VECTOR('',#1707,1.);
#222=VECTOR('',#1708,1.);
#223=VECTOR('',#1709,1.);
#224=VECTOR('',#1710,1.);
#225=VECTOR('',#1711,1.);
#226=VECTOR('',#1712,1.);
#227=VECTOR('',#1713,1.);
#228=VECTOR('',#1714,1.);
#229=VECTOR('',#1715,1.);
#230=VECTOR('',#1716,1.);
#231=VECTOR('',#1721,1.);
#232=VECTOR('',#1724,1.);
#233=VECTOR('',#1727,1.);
#234=VECTOR('',#1730,1.);
#235=VECTOR('',#1731,1.);
#236=VECTOR('',#1732,1.);
#237=VECTOR('',#1735,1.);
#238=VECTOR('',#1736,1.);
#239=VECTOR('',#1737,1.);
#240=VECTOR('',#1738,1.);
#241=VECTOR('',#1741,1.);
#242=VECTOR('',#1742,1.);
#243=VECTOR('',#1743,1.);
#244=VECTOR('',#1746,1.);
#245=VECTOR('',#1747,1.);
#246=VECTOR('',#1748,1.);
#247=VECTOR('',#1753,1.);
#248=VECTOR('',#1756,1.);
#249=VECTOR('',#1759,1.);
#250=VECTOR('',#1760,1.);
#251=VECTOR('',#1761,1.);
#252=VECTOR('',#1762,1.);
#253=VECTOR('',#1763,1.);
#254=VECTOR('',#1766,1.);
#255=VECTOR('',#1769,1.);
#256=VECTOR('',#1774,1.);
#257=VECTOR('',#1775,1.);
#258=VECTOR('',#1778,1.);
#259=VECTOR('',#1779,1.);
#260=VECTOR('',#1784,1.);
#261=VECTOR('',#1785,1.);
#262=VECTOR('',#1786,1.);
#263=VECTOR('',#1787,1.);
#264=VECTOR('',#1866,1.);
#265=VECTOR('',#1867,1.);
#266=VECTOR('',#1870,1.);
#267=VECTOR('',#1873,1.);
#268=VECTOR('',#1876,1.);
#269=VECTOR('',#1879,1.);
#270=VECTOR('',#1880,1.);
#271=VECTOR('',#1883,1.);
#272=VECTOR('',#1886,1.);
#273=VECTOR('',#1889,1.);
#274=VECTOR('',#1892,1.);
#275=VECTOR('',#1893,1.);
#276=VECTOR('',#1896,1.);
#277=VECTOR('',#1899,1.);
#278=VECTOR('',#1902,1.);
#279=VECTOR('',#1905,1.);
#280=VECTOR('',#1908,1.);
#281=VECTOR('',#1911,1.);
#282=VECTOR('',#1914,1.);
#283=VECTOR('',#1917,1.);
#284=VECTOR('',#1920,1.);
#285=VECTOR('',#1923,1.);
#286=VECTOR('',#1926,1.);
#287=VECTOR('',#1929,1.);
#288=VECTOR('',#1932,1.);
#289=VECTOR('',#1935,1.);
#290=VECTOR('',#1938,1.);
#291=VECTOR('',#1941,1.);
#292=VECTOR('',#1944,1.);
#293=VECTOR('',#1947,1.);
#294=VECTOR('',#1950,1.);
#295=VECTOR('',#1951,1.);
#296=VECTOR('',#1954,1.);
#297=VECTOR('',#1957,1.);
#298=VECTOR('',#1960,1.);
#299=VECTOR('',#1963,1.);
#300=VECTOR('',#1966,1.);
#301=VECTOR('',#1967,1.);
#302=VECTOR('',#1970,1.);
#303=VECTOR('',#1973,1.);
#304=VECTOR('',#1976,1.);
#305=VECTOR('',#1979,1.);
#306=VECTOR('',#1982,1.);
#307=VECTOR('',#1983,1.);
#308=VECTOR('',#1986,1.);
#309=VECTOR('',#1989,1.);
#310=VECTOR('',#1992,1.);
#311=VECTOR('',#1995,1.);
#312=VECTOR('',#1998,1.);
#313=VECTOR('',#2001,1.);
#314=VECTOR('',#2004,1.);
#315=VECTOR('',#2007,1.);
#316=VECTOR('',#2010,1.);
#317=VECTOR('',#2013,1.);
#318=PLANE('',#1459);
#319=PLANE('',#1462);
#320=PLANE('',#1467);
#321=PLANE('',#1468);
#322=PLANE('',#1475);
#323=PLANE('',#1476);
#324=PLANE('',#1478);
#325=PLANE('',#1479);
#326=PLANE('',#1483);
#327=PLANE('',#1485);
#328=PLANE('',#1489);
#329=PLANE('',#1490);
#330=PLANE('',#1491);
#331=PLANE('',#1492);
#332=PLANE('',#1496);
#333=PLANE('',#1500);
#334=PLANE('',#1501);
#335=PLANE('',#1502);
#336=PLANE('',#1503);
#337=PLANE('',#1504);
#338=PLANE('',#1509);
#339=PLANE('',#1543);
#340=PLANE('',#1544);
#341=PLANE('',#1546);
#342=PLANE('',#1547);
#343=PLANE('',#1548);
#344=PLANE('',#1550);
#345=PLANE('',#1552);
#346=PLANE('',#1553);
#347=PLANE('',#1554);
#348=PLANE('',#1555);
#349=PLANE('',#1556);
#350=PLANE('',#1558);
#351=PLANE('',#1559);
#352=PLANE('',#1560);
#353=PLANE('',#1561);
#354=PLANE('',#1562);
#355=PLANE('',#1563);
#356=PLANE('',#1564);
#357=PLANE('',#1565);
#358=PLANE('',#1566);
#359=PLANE('',#1567);
#360=PLANE('',#1568);
#361=PLANE('',#1569);
#362=PLANE('',#1570);
#363=PLANE('',#1571);
#364=PLANE('',#1572);
#365=PLANE('',#1573);
#366=PLANE('',#1574);
#367=PLANE('',#1575);
#368=PLANE('',#1576);
#369=PLANE('',#1577);
#370=PLANE('',#1578);
#371=PLANE('',#1579);
#372=PLANE('',#1580);
#373=PLANE('',#1581);
#374=PLANE('',#1583);
#375=PLANE('',#1584);
#376=PLANE('',#1585);
#377=PLANE('',#1587);
#378=PLANE('',#1589);
#379=PLANE('',#1590);
#380=ORIENTED_EDGE('',*,*,#768,.F.);
#381=ORIENTED_EDGE('',*,*,#769,.T.);
#382=ORIENTED_EDGE('',*,*,#770,.T.);
#383=ORIENTED_EDGE('',*,*,#771,.F.);
#384=ORIENTED_EDGE('',*,*,#772,.T.);
#385=ORIENTED_EDGE('',*,*,#773,.T.);
#386=ORIENTED_EDGE('',*,*,#774,.T.);
#387=ORIENTED_EDGE('',*,*,#775,.T.);
#388=ORIENTED_EDGE('',*,*,#776,.T.);
#389=ORIENTED_EDGE('',*,*,#777,.T.);
#390=ORIENTED_EDGE('',*,*,#768,.T.);
#391=ORIENTED_EDGE('',*,*,#770,.F.);
#392=ORIENTED_EDGE('',*,*,#778,.T.);
#393=ORIENTED_EDGE('',*,*,#779,.T.);
#394=ORIENTED_EDGE('',*,*,#780,.T.);
#395=ORIENTED_EDGE('',*,*,#781,.T.);
#396=ORIENTED_EDGE('',*,*,#782,.T.);
#397=ORIENTED_EDGE('',*,*,#783,.T.);
#398=ORIENTED_EDGE('',*,*,#784,.F.);
#399=ORIENTED_EDGE('',*,*,#785,.F.);
#400=ORIENTED_EDGE('',*,*,#786,.T.);
#401=ORIENTED_EDGE('',*,*,#787,.T.);
#402=ORIENTED_EDGE('',*,*,#788,.T.);
#403=ORIENTED_EDGE('',*,*,#789,.T.);
#404=ORIENTED_EDGE('',*,*,#790,.T.);
#405=ORIENTED_EDGE('',*,*,#791,.T.);
#406=ORIENTED_EDGE('',*,*,#792,.T.);
#407=ORIENTED_EDGE('',*,*,#793,.T.);
#408=ORIENTED_EDGE('',*,*,#794,.T.);
#409=ORIENTED_EDGE('',*,*,#795,.T.);
#410=ORIENTED_EDGE('',*,*,#796,.F.);
#411=ORIENTED_EDGE('',*,*,#797,.F.);
#412=ORIENTED_EDGE('',*,*,#798,.T.);
#413=ORIENTED_EDGE('',*,*,#799,.T.);
#414=ORIENTED_EDGE('',*,*,#800,.T.);
#415=ORIENTED_EDGE('',*,*,#801,.F.);
#416=ORIENTED_EDGE('',*,*,#802,.T.);
#417=ORIENTED_EDGE('',*,*,#803,.T.);
#418=ORIENTED_EDGE('',*,*,#804,.T.);
#419=ORIENTED_EDGE('',*,*,#794,.F.);
#420=ORIENTED_EDGE('',*,*,#805,.T.);
#421=ORIENTED_EDGE('',*,*,#806,.T.);
#422=ORIENTED_EDGE('',*,*,#807,.T.);
#423=ORIENTED_EDGE('',*,*,#808,.T.);
#424=ORIENTED_EDGE('',*,*,#809,.T.);
#425=ORIENTED_EDGE('',*,*,#810,.T.);
#426=ORIENTED_EDGE('',*,*,#811,.F.);
#427=ORIENTED_EDGE('',*,*,#812,.T.);
#428=ORIENTED_EDGE('',*,*,#813,.T.);
#429=ORIENTED_EDGE('',*,*,#814,.T.);
#430=ORIENTED_EDGE('',*,*,#815,.T.);
#431=ORIENTED_EDGE('',*,*,#816,.T.);
#432=ORIENTED_EDGE('',*,*,#817,.T.);
#433=ORIENTED_EDGE('',*,*,#818,.T.);
#434=ORIENTED_EDGE('',*,*,#819,.F.);
#435=ORIENTED_EDGE('',*,*,#820,.T.);
#436=ORIENTED_EDGE('',*,*,#821,.T.);
#437=ORIENTED_EDGE('',*,*,#822,.T.);
#438=ORIENTED_EDGE('',*,*,#790,.F.);
#439=ORIENTED_EDGE('',*,*,#823,.T.);
#440=ORIENTED_EDGE('',*,*,#824,.T.);
#441=ORIENTED_EDGE('',*,*,#825,.T.);
#442=ORIENTED_EDGE('',*,*,#826,.T.);
#443=ORIENTED_EDGE('',*,*,#827,.T.);
#444=ORIENTED_EDGE('',*,*,#828,.T.);
#445=ORIENTED_EDGE('',*,*,#829,.T.);
#446=ORIENTED_EDGE('',*,*,#830,.T.);
#447=ORIENTED_EDGE('',*,*,#831,.T.);
#448=ORIENTED_EDGE('',*,*,#832,.T.);
#449=ORIENTED_EDGE('',*,*,#833,.T.);
#450=ORIENTED_EDGE('',*,*,#834,.T.);
#451=ORIENTED_EDGE('',*,*,#835,.T.);
#452=ORIENTED_EDGE('',*,*,#836,.F.);
#453=ORIENTED_EDGE('',*,*,#837,.T.);
#454=ORIENTED_EDGE('',*,*,#838,.T.);
#455=ORIENTED_EDGE('',*,*,#839,.T.);
#456=ORIENTED_EDGE('',*,*,#840,.T.);
#457=ORIENTED_EDGE('',*,*,#841,.T.);
#458=ORIENTED_EDGE('',*,*,#842,.T.);
#459=ORIENTED_EDGE('',*,*,#843,.T.);
#460=ORIENTED_EDGE('',*,*,#844,.T.);
#461=ORIENTED_EDGE('',*,*,#845,.T.);
#462=ORIENTED_EDGE('',*,*,#846,.T.);
#463=ORIENTED_EDGE('',*,*,#847,.T.);
#464=ORIENTED_EDGE('',*,*,#848,.T.);
#465=ORIENTED_EDGE('',*,*,#849,.T.);
#466=ORIENTED_EDGE('',*,*,#850,.T.);
#467=ORIENTED_EDGE('',*,*,#851,.T.);
#468=ORIENTED_EDGE('',*,*,#852,.T.);
#469=ORIENTED_EDGE('',*,*,#853,.T.);
#470=ORIENTED_EDGE('',*,*,#854,.T.);
#471=ORIENTED_EDGE('',*,*,#855,.T.);
#472=ORIENTED_EDGE('',*,*,#772,.F.);
#473=ORIENTED_EDGE('',*,*,#856,.T.);
#474=ORIENTED_EDGE('',*,*,#857,.T.);
#475=ORIENTED_EDGE('',*,*,#858,.T.);
#476=ORIENTED_EDGE('',*,*,#859,.T.);
#477=ORIENTED_EDGE('',*,*,#860,.T.);
#478=ORIENTED_EDGE('',*,*,#861,.T.);
#479=ORIENTED_EDGE('',*,*,#862,.T.);
#480=ORIENTED_EDGE('',*,*,#857,.F.);
#481=ORIENTED_EDGE('',*,*,#863,.T.);
#482=ORIENTED_EDGE('',*,*,#864,.T.);
#483=ORIENTED_EDGE('',*,*,#865,.T.);
#484=ORIENTED_EDGE('',*,*,#811,.T.);
#485=ORIENTED_EDGE('',*,*,#866,.T.);
#486=ORIENTED_EDGE('',*,*,#867,.T.);
#487=ORIENTED_EDGE('',*,*,#868,.T.);
#488=ORIENTED_EDGE('',*,*,#869,.F.);
#489=ORIENTED_EDGE('',*,*,#870,.T.);
#490=ORIENTED_EDGE('',*,*,#800,.F.);
#491=ORIENTED_EDGE('',*,*,#871,.T.);
#492=ORIENTED_EDGE('',*,*,#872,.T.);
#493=ORIENTED_EDGE('',*,*,#873,.T.);
#494=ORIENTED_EDGE('',*,*,#874,.T.);
#495=ORIENTED_EDGE('',*,*,#875,.T.);
#496=ORIENTED_EDGE('',*,*,#869,.T.);
#497=ORIENTED_EDGE('',*,*,#876,.T.);
#498=ORIENTED_EDGE('',*,*,#877,.T.);
#499=ORIENTED_EDGE('',*,*,#878,.F.);
#500=ORIENTED_EDGE('',*,*,#797,.T.);
#501=ORIENTED_EDGE('',*,*,#879,.F.);
#502=ORIENTED_EDGE('',*,*,#880,.T.);
#503=ORIENTED_EDGE('',*,*,#881,.T.);
#504=ORIENTED_EDGE('',*,*,#876,.F.);
#505=ORIENTED_EDGE('',*,*,#796,.T.);
#506=ORIENTED_EDGE('',*,*,#878,.T.);
#507=ORIENTED_EDGE('',*,*,#882,.T.);
#508=ORIENTED_EDGE('',*,*,#883,.T.);
#509=ORIENTED_EDGE('',*,*,#798,.F.);
#510=ORIENTED_EDGE('',*,*,#801,.T.);
#511=ORIENTED_EDGE('',*,*,#879,.T.);
#512=ORIENTED_EDGE('',*,*,#884,.T.);
#513=ORIENTED_EDGE('',*,*,#885,.T.);
#514=ORIENTED_EDGE('',*,*,#886,.T.);
#515=ORIENTED_EDGE('',*,*,#887,.T.);
#516=ORIENTED_EDGE('',*,*,#888,.T.);
#517=ORIENTED_EDGE('',*,*,#771,.T.);
#518=ORIENTED_EDGE('',*,*,#888,.F.);
#519=ORIENTED_EDGE('',*,*,#784,.T.);
#520=ORIENTED_EDGE('',*,*,#889,.F.);
#521=ORIENTED_EDGE('',*,*,#785,.T.);
#522=ORIENTED_EDGE('',*,*,#769,.F.);
#523=ORIENTED_EDGE('',*,*,#889,.T.);
#524=ORIENTED_EDGE('',*,*,#886,.F.);
#525=ORIENTED_EDGE('',*,*,#890,.T.);
#526=ORIENTED_EDGE('',*,*,#838,.F.);
#527=ORIENTED_EDGE('',*,*,#891,.T.);
#528=ORIENTED_EDGE('',*,*,#817,.F.);
#529=ORIENTED_EDGE('',*,*,#892,.T.);
#530=ORIENTED_EDGE('',*,*,#884,.F.);
#531=ORIENTED_EDGE('',*,*,#893,.T.);
#532=ORIENTED_EDGE('',*,*,#894,.F.);
#533=ORIENTED_EDGE('',*,*,#782,.F.);
#534=ORIENTED_EDGE('',*,*,#895,.F.);
#535=ORIENTED_EDGE('',*,*,#887,.F.);
#536=ORIENTED_EDGE('',*,*,#895,.T.);
#537=ORIENTED_EDGE('',*,*,#781,.F.);
#538=ORIENTED_EDGE('',*,*,#896,.F.);
#539=ORIENTED_EDGE('',*,*,#893,.F.);
#540=ORIENTED_EDGE('',*,*,#894,.T.);
#541=ORIENTED_EDGE('',*,*,#891,.F.);
#542=ORIENTED_EDGE('',*,*,#897,.F.);
#543=ORIENTED_EDGE('',*,*,#783,.F.);
#544=ORIENTED_EDGE('',*,*,#896,.T.);
#545=ORIENTED_EDGE('',*,*,#780,.F.);
#546=ORIENTED_EDGE('',*,*,#898,.F.);
#547=ORIENTED_EDGE('',*,*,#818,.F.);
#548=ORIENTED_EDGE('',*,*,#788,.F.);
#549=ORIENTED_EDGE('',*,*,#899,.T.);
#550=ORIENTED_EDGE('',*,*,#805,.F.);
#551=ORIENTED_EDGE('',*,*,#900,.F.);
#552=ORIENTED_EDGE('',*,*,#835,.F.);
#553=ORIENTED_EDGE('',*,*,#901,.T.);
#554=ORIENTED_EDGE('',*,*,#786,.F.);
#555=ORIENTED_EDGE('',*,*,#902,.F.);
#556=ORIENTED_EDGE('',*,*,#897,.T.);
#557=ORIENTED_EDGE('',*,*,#837,.F.);
#558=ORIENTED_EDGE('',*,*,#903,.F.);
#559=ORIENTED_EDGE('',*,*,#778,.F.);
#560=ORIENTED_EDGE('',*,*,#819,.T.);
#561=ORIENTED_EDGE('',*,*,#898,.T.);
#562=ORIENTED_EDGE('',*,*,#904,.F.);
#563=ORIENTED_EDGE('',*,*,#900,.T.);
#564=ORIENTED_EDGE('',*,*,#836,.T.);
#565=ORIENTED_EDGE('',*,*,#902,.T.);
#566=ORIENTED_EDGE('',*,*,#905,.F.);
#567=ORIENTED_EDGE('',*,*,#903,.T.);
#568=ORIENTED_EDGE('',*,*,#904,.T.);
#569=ORIENTED_EDGE('',*,*,#779,.F.);
#570=ORIENTED_EDGE('',*,*,#905,.T.);
#571=ORIENTED_EDGE('',*,*,#789,.F.);
#572=ORIENTED_EDGE('',*,*,#883,.F.);
#573=ORIENTED_EDGE('',*,*,#906,.T.);
#574=ORIENTED_EDGE('',*,*,#820,.F.);
#575=ORIENTED_EDGE('',*,*,#799,.F.);
#576=ORIENTED_EDGE('',*,*,#804,.F.);
#577=ORIENTED_EDGE('',*,*,#907,.T.);
#578=ORIENTED_EDGE('',*,*,#880,.F.);
#579=ORIENTED_EDGE('',*,*,#795,.F.);
#580=ORIENTED_EDGE('',*,*,#908,.F.);
#581=ORIENTED_EDGE('',*,*,#776,.F.);
#582=ORIENTED_EDGE('',*,*,#909,.F.);
#583=ORIENTED_EDGE('',*,*,#892,.F.);
#584=ORIENTED_EDGE('',*,*,#909,.T.);
#585=ORIENTED_EDGE('',*,*,#775,.F.);
#586=ORIENTED_EDGE('',*,*,#910,.F.);
#587=ORIENTED_EDGE('',*,*,#885,.F.);
#588=ORIENTED_EDGE('',*,*,#908,.T.);
#589=ORIENTED_EDGE('',*,*,#816,.F.);
#590=ORIENTED_EDGE('',*,*,#911,.F.);
#591=ORIENTED_EDGE('',*,*,#777,.F.);
#592=ORIENTED_EDGE('',*,*,#910,.T.);
#593=ORIENTED_EDGE('',*,*,#774,.F.);
#594=ORIENTED_EDGE('',*,*,#912,.F.);
#595=ORIENTED_EDGE('',*,*,#890,.F.);
#596=ORIENTED_EDGE('',*,*,#913,.F.);
#597=ORIENTED_EDGE('',*,*,#882,.F.);
#598=ORIENTED_EDGE('',*,*,#914,.F.);
#599=ORIENTED_EDGE('',*,*,#825,.F.);
#600=ORIENTED_EDGE('',*,*,#911,.T.);
#601=ORIENTED_EDGE('',*,*,#815,.F.);
#602=ORIENTED_EDGE('',*,*,#915,.F.);
#603=ORIENTED_EDGE('',*,*,#856,.F.);
#604=ORIENTED_EDGE('',*,*,#912,.T.);
#605=ORIENTED_EDGE('',*,*,#773,.F.);
#606=ORIENTED_EDGE('',*,*,#916,.F.);
#607=ORIENTED_EDGE('',*,*,#839,.F.);
#608=ORIENTED_EDGE('',*,*,#914,.T.);
#609=ORIENTED_EDGE('',*,*,#877,.F.);
#610=ORIENTED_EDGE('',*,*,#917,.F.);
#611=ORIENTED_EDGE('',*,*,#826,.F.);
#612=ORIENTED_EDGE('',*,*,#918,.F.);
#613=ORIENTED_EDGE('',*,*,#919,.F.);
#614=ORIENTED_EDGE('',*,*,#915,.T.);
#615=ORIENTED_EDGE('',*,*,#913,.T.);
#616=ORIENTED_EDGE('',*,*,#824,.F.);
#617=ORIENTED_EDGE('',*,*,#920,.F.);
#618=ORIENTED_EDGE('',*,*,#906,.F.);
#619=ORIENTED_EDGE('',*,*,#917,.T.);
#620=ORIENTED_EDGE('',*,*,#881,.F.);
#621=ORIENTED_EDGE('',*,*,#921,.F.);
#622=ORIENTED_EDGE('',*,*,#827,.F.);
#623=ORIENTED_EDGE('',*,*,#919,.T.);
#624=ORIENTED_EDGE('',*,*,#831,.F.);
#625=ORIENTED_EDGE('',*,*,#922,.F.);
#626=ORIENTED_EDGE('',*,*,#854,.F.);
#627=ORIENTED_EDGE('',*,*,#916,.T.);
#628=ORIENTED_EDGE('',*,*,#855,.F.);
#629=ORIENTED_EDGE('',*,*,#923,.F.);
#630=ORIENTED_EDGE('',*,*,#840,.F.);
#631=ORIENTED_EDGE('',*,*,#918,.T.);
#632=ORIENTED_EDGE('',*,*,#814,.F.);
#633=ORIENTED_EDGE('',*,*,#924,.F.);
#634=ORIENTED_EDGE('',*,*,#832,.F.);
#635=ORIENTED_EDGE('',*,*,#920,.T.);
#636=ORIENTED_EDGE('',*,*,#823,.F.);
#637=ORIENTED_EDGE('',*,*,#925,.F.);
#638=ORIENTED_EDGE('',*,*,#821,.F.);
#639=ORIENTED_EDGE('',*,*,#921,.T.);
#640=ORIENTED_EDGE('',*,*,#907,.F.);
#641=ORIENTED_EDGE('',*,*,#926,.F.);
#642=ORIENTED_EDGE('',*,*,#828,.F.);
#643=ORIENTED_EDGE('',*,*,#923,.T.);
#644=ORIENTED_EDGE('',*,*,#922,.T.);
#645=ORIENTED_EDGE('',*,*,#927,.F.);
#646=ORIENTED_EDGE('',*,*,#925,.T.);
#647=ORIENTED_EDGE('',*,*,#924,.T.);
#648=ORIENTED_EDGE('',*,*,#928,.F.);
#649=ORIENTED_EDGE('',*,*,#926,.T.);
#650=ORIENTED_EDGE('',*,*,#803,.F.);
#651=ORIENTED_EDGE('',*,*,#929,.F.);
#652=ORIENTED_EDGE('',*,*,#829,.F.);
#653=ORIENTED_EDGE('',*,*,#927,.T.);
#654=ORIENTED_EDGE('',*,*,#830,.F.);
#655=ORIENTED_EDGE('',*,*,#930,.F.);
#656=ORIENTED_EDGE('',*,*,#841,.F.);
#657=ORIENTED_EDGE('',*,*,#928,.T.);
#658=ORIENTED_EDGE('',*,*,#813,.F.);
#659=ORIENTED_EDGE('',*,*,#931,.F.);
#660=ORIENTED_EDGE('',*,*,#822,.F.);
#661=ORIENTED_EDGE('',*,*,#930,.T.);
#662=ORIENTED_EDGE('',*,*,#929,.T.);
#663=ORIENTED_EDGE('',*,*,#932,.F.);
#664=ORIENTED_EDGE('',*,*,#931,.T.);
#665=ORIENTED_EDGE('',*,*,#812,.F.);
#666=ORIENTED_EDGE('',*,*,#933,.F.);
#667=ORIENTED_EDGE('',*,*,#791,.F.);
#668=ORIENTED_EDGE('',*,*,#932,.T.);
#669=ORIENTED_EDGE('',*,*,#802,.F.);
#670=ORIENTED_EDGE('',*,*,#934,.F.);
#671=ORIENTED_EDGE('',*,*,#842,.F.);
#672=ORIENTED_EDGE('',*,*,#933,.T.);
#673=ORIENTED_EDGE('',*,*,#865,.F.);
#674=ORIENTED_EDGE('',*,*,#935,.F.);
#675=ORIENTED_EDGE('',*,*,#792,.F.);
#676=ORIENTED_EDGE('',*,*,#934,.T.);
#677=ORIENTED_EDGE('',*,*,#793,.F.);
#678=ORIENTED_EDGE('',*,*,#936,.F.);
#679=ORIENTED_EDGE('',*,*,#843,.F.);
#680=ORIENTED_EDGE('',*,*,#936,.T.);
#681=ORIENTED_EDGE('',*,*,#935,.T.);
#682=ORIENTED_EDGE('',*,*,#937,.F.);
#683=ORIENTED_EDGE('',*,*,#938,.F.);
#684=ORIENTED_EDGE('',*,*,#862,.F.);
#685=ORIENTED_EDGE('',*,*,#939,.F.);
#686=ORIENTED_EDGE('',*,*,#810,.F.);
#687=ORIENTED_EDGE('',*,*,#939,.T.);
#688=ORIENTED_EDGE('',*,*,#861,.F.);
#689=ORIENTED_EDGE('',*,*,#940,.F.);
#690=ORIENTED_EDGE('',*,*,#866,.F.);
#691=ORIENTED_EDGE('',*,*,#937,.T.);
#692=ORIENTED_EDGE('',*,*,#864,.F.);
#693=ORIENTED_EDGE('',*,*,#941,.F.);
#694=ORIENTED_EDGE('',*,*,#844,.F.);
#695=ORIENTED_EDGE('',*,*,#938,.T.);
#696=ORIENTED_EDGE('',*,*,#809,.F.);
#697=ORIENTED_EDGE('',*,*,#942,.F.);
#698=ORIENTED_EDGE('',*,*,#858,.F.);
#699=ORIENTED_EDGE('',*,*,#941,.T.);
#700=ORIENTED_EDGE('',*,*,#940,.T.);
#701=ORIENTED_EDGE('',*,*,#943,.F.);
#702=ORIENTED_EDGE('',*,*,#944,.F.);
#703=ORIENTED_EDGE('',*,*,#942,.T.);
#704=ORIENTED_EDGE('',*,*,#945,.F.);
#705=ORIENTED_EDGE('',*,*,#943,.T.);
#706=ORIENTED_EDGE('',*,*,#863,.F.);
#707=ORIENTED_EDGE('',*,*,#946,.F.);
#708=ORIENTED_EDGE('',*,*,#845,.F.);
#709=ORIENTED_EDGE('',*,*,#945,.T.);
#710=ORIENTED_EDGE('',*,*,#808,.F.);
#711=ORIENTED_EDGE('',*,*,#947,.F.);
#712=ORIENTED_EDGE('',*,*,#874,.F.);
#713=ORIENTED_EDGE('',*,*,#944,.T.);
#714=ORIENTED_EDGE('',*,*,#873,.F.);
#715=ORIENTED_EDGE('',*,*,#948,.F.);
#716=ORIENTED_EDGE('',*,*,#859,.F.);
#717=ORIENTED_EDGE('',*,*,#946,.T.);
#718=ORIENTED_EDGE('',*,*,#860,.F.);
#719=ORIENTED_EDGE('',*,*,#949,.F.);
#720=ORIENTED_EDGE('',*,*,#846,.F.);
#721=ORIENTED_EDGE('',*,*,#950,.F.);
#722=ORIENTED_EDGE('',*,*,#806,.F.);
#723=ORIENTED_EDGE('',*,*,#951,.F.);
#724=ORIENTED_EDGE('',*,*,#851,.F.);
#725=ORIENTED_EDGE('',*,*,#947,.T.);
#726=ORIENTED_EDGE('',*,*,#807,.F.);
#727=ORIENTED_EDGE('',*,*,#952,.F.);
#728=ORIENTED_EDGE('',*,*,#870,.F.);
#729=ORIENTED_EDGE('',*,*,#875,.F.);
#730=ORIENTED_EDGE('',*,*,#949,.T.);
#731=ORIENTED_EDGE('',*,*,#948,.T.);
#732=ORIENTED_EDGE('',*,*,#953,.F.);
#733=ORIENTED_EDGE('',*,*,#951,.T.);
#734=ORIENTED_EDGE('',*,*,#899,.F.);
#735=ORIENTED_EDGE('',*,*,#954,.F.);
#736=ORIENTED_EDGE('',*,*,#852,.F.);
#737=ORIENTED_EDGE('',*,*,#952,.T.);
#738=ORIENTED_EDGE('',*,*,#950,.T.);
#739=ORIENTED_EDGE('',*,*,#955,.F.);
#740=ORIENTED_EDGE('',*,*,#872,.F.);
#741=ORIENTED_EDGE('',*,*,#956,.F.);
#742=ORIENTED_EDGE('',*,*,#847,.F.);
#743=ORIENTED_EDGE('',*,*,#953,.T.);
#744=ORIENTED_EDGE('',*,*,#954,.T.);
#745=ORIENTED_EDGE('',*,*,#787,.F.);
#746=ORIENTED_EDGE('',*,*,#957,.F.);
#747=ORIENTED_EDGE('',*,*,#853,.F.);
#748=ORIENTED_EDGE('',*,*,#955,.T.);
#749=ORIENTED_EDGE('',*,*,#850,.F.);
#750=ORIENTED_EDGE('',*,*,#958,.F.);
#751=ORIENTED_EDGE('',*,*,#867,.F.);
#752=ORIENTED_EDGE('',*,*,#871,.F.);
#753=ORIENTED_EDGE('',*,*,#868,.F.);
#754=ORIENTED_EDGE('',*,*,#959,.F.);
#755=ORIENTED_EDGE('',*,*,#833,.F.);
#756=ORIENTED_EDGE('',*,*,#956,.T.);
#757=ORIENTED_EDGE('',*,*,#957,.T.);
#758=ORIENTED_EDGE('',*,*,#901,.F.);
#759=ORIENTED_EDGE('',*,*,#960,.F.);
#760=ORIENTED_EDGE('',*,*,#848,.F.);
#761=ORIENTED_EDGE('',*,*,#959,.T.);
#762=ORIENTED_EDGE('',*,*,#958,.T.);
#763=ORIENTED_EDGE('',*,*,#961,.F.);
#764=ORIENTED_EDGE('',*,*,#960,.T.);
#765=ORIENTED_EDGE('',*,*,#834,.F.);
#766=ORIENTED_EDGE('',*,*,#961,.T.);
#767=ORIENTED_EDGE('',*,*,#849,.F.);
#768=EDGE_CURVE('',#962,#962,#1075,.T.);
#769=EDGE_CURVE('',#963,#963,#1076,.T.);
#770=EDGE_CURVE('',#964,#964,#1077,.T.);
#771=EDGE_CURVE('',#965,#965,#1078,.F.);
#772=EDGE_CURVE('',#966,#967,#24,.T.);
#773=EDGE_CURVE('',#967,#968,#25,.T.);
#774=EDGE_CURVE('',#968,#969,#1079,.F.);
#775=EDGE_CURVE('',#969,#970,#26,.T.);
#776=EDGE_CURVE('',#970,#971,#1080,.F.);
#777=EDGE_CURVE('',#971,#966,#27,.T.);
#778=EDGE_CURVE('',#972,#973,#28,.T.);
#779=EDGE_CURVE('',#973,#974,#29,.F.);
#780=EDGE_CURVE('',#974,#975,#30,.F.);
#781=EDGE_CURVE('',#975,#976,#1081,.T.);
#782=EDGE_CURVE('',#976,#977,#31,.T.);
#783=EDGE_CURVE('',#977,#972,#1082,.T.);
#784=EDGE_CURVE('',#978,#978,#1083,.T.);
#785=EDGE_CURVE('',#979,#979,#1084,.T.);
#786=EDGE_CURVE('',#980,#981,#32,.T.);
#787=EDGE_CURVE('',#981,#982,#33,.T.);
#788=EDGE_CURVE('',#982,#983,#34,.F.);
#789=EDGE_CURVE('',#983,#980,#35,.T.);
#790=EDGE_CURVE('',#984,#985,#36,.T.);
#791=EDGE_CURVE('',#985,#986,#37,.T.);
#792=EDGE_CURVE('',#986,#987,#38,.T.);
#793=EDGE_CURVE('',#987,#988,#39,.T.);
#794=EDGE_CURVE('',#988,#989,#40,.T.);
#795=EDGE_CURVE('',#989,#990,#1085,.T.);
#796=EDGE_CURVE('',#991,#990,#41,.T.);
#797=EDGE_CURVE('',#992,#991,#1086,.F.);
#798=EDGE_CURVE('',#992,#993,#42,.T.);
#799=EDGE_CURVE('',#993,#984,#1087,.T.);
#800=EDGE_CURVE('',#994,#994,#1088,.T.);
#801=EDGE_CURVE('',#995,#995,#1089,.T.);
#802=EDGE_CURVE('',#988,#996,#43,.T.);
#803=EDGE_CURVE('',#996,#997,#44,.T.);
#804=EDGE_CURVE('',#997,#989,#45,.F.);
#805=EDGE_CURVE('',#998,#999,#46,.T.);
#806=EDGE_CURVE('',#999,#1000,#47,.T.);
#807=EDGE_CURVE('',#1000,#1001,#48,.T.);
#808=EDGE_CURVE('',#1001,#1002,#49,.T.);
#809=EDGE_CURVE('',#1002,#1003,#50,.T.);
#810=EDGE_CURVE('',#1003,#1004,#51,.T.);
#811=EDGE_CURVE('',#1005,#1004,#52,.T.);
#812=EDGE_CURVE('',#1005,#1006,#53,.T.);
#813=EDGE_CURVE('',#1006,#1007,#54,.T.);
#814=EDGE_CURVE('',#1007,#1008,#55,.T.);
#815=EDGE_CURVE('',#1008,#1009,#56,.T.);
#816=EDGE_CURVE('',#1009,#1010,#57,.T.);
#817=EDGE_CURVE('',#1010,#1011,#58,.T.);
#818=EDGE_CURVE('',#1011,#1012,#59,.T.);
#819=EDGE_CURVE('',#998,#1012,#1090,.T.);
#820=EDGE_CURVE('',#984,#1013,#60,.T.);
#821=EDGE_CURVE('',#1013,#1014,#61,.T.);
#822=EDGE_CURVE('',#1014,#985,#62,.T.);
#823=EDGE_CURVE('',#1015,#1016,#63,.T.);
#824=EDGE_CURVE('',#1016,#1017,#1091,.F.);
#825=EDGE_CURVE('',#1017,#1018,#64,.T.);
#826=EDGE_CURVE('',#1018,#1019,#1092,.T.);
#827=EDGE_CURVE('',#1019,#1020,#65,.T.);
#828=EDGE_CURVE('',#1020,#1021,#1093,.F.);
#829=EDGE_CURVE('',#1021,#1022,#66,.T.);
#830=EDGE_CURVE('',#1022,#1023,#67,.T.);
#831=EDGE_CURVE('',#1023,#1024,#68,.T.);
#832=EDGE_CURVE('',#1024,#1015,#69,.T.);
#833=EDGE_CURVE('',#1025,#1026,#70,.T.);
#834=EDGE_CURVE('',#1026,#1027,#71,.T.);
#835=EDGE_CURVE('',#1027,#1028,#72,.F.);
#836=EDGE_CURVE('',#1029,#1028,#1094,.F.);
#837=EDGE_CURVE('',#1029,#1030,#73,.F.);
#838=EDGE_CURVE('',#1030,#1031,#74,.F.);
#839=EDGE_CURVE('',#1031,#1032,#75,.T.);
#840=EDGE_CURVE('',#1032,#1033,#76,.T.);
#841=EDGE_CURVE('',#1033,#1034,#77,.T.);
#842=EDGE_CURVE('',#1034,#1035,#78,.T.);
#843=EDGE_CURVE('',#1035,#1036,#79,.T.);
#844=EDGE_CURVE('',#1036,#1037,#80,.T.);
#845=EDGE_CURVE('',#1037,#1038,#81,.T.);
#846=EDGE_CURVE('',#1038,#1039,#82,.T.);
#847=EDGE_CURVE('',#1039,#1025,#83,.T.);
#848=EDGE_CURVE('',#1040,#1041,#1095,.T.);
#849=EDGE_CURVE('',#1041,#1042,#84,.T.);
#850=EDGE_CURVE('',#1042,#1043,#1096,.F.);
#851=EDGE_CURVE('',#1043,#1044,#85,.T.);
#852=EDGE_CURVE('',#1044,#1045,#1097,.T.);
#853=EDGE_CURVE('',#1045,#1040,#86,.T.);
#854=EDGE_CURVE('',#1046,#1047,#87,.T.);
#855=EDGE_CURVE('',#1047,#967,#88,.T.);
#856=EDGE_CURVE('',#966,#1046,#89,.T.);
#857=EDGE_CURVE('',#1048,#1049,#90,.T.);
#858=EDGE_CURVE('',#1049,#1050,#91,.T.);
#859=EDGE_CURVE('',#1050,#1051,#92,.T.);
#860=EDGE_CURVE('',#1051,#1048,#93,.T.);
#861=EDGE_CURVE('',#1052,#1053,#94,.T.);
#862=EDGE_CURVE('',#1053,#1049,#95,.T.);
#863=EDGE_CURVE('',#1048,#1052,#96,.T.);
#864=EDGE_CURVE('',#1054,#1055,#97,.T.);
#865=EDGE_CURVE('',#1055,#1005,#98,.T.);
#866=EDGE_CURVE('',#1004,#1054,#99,.T.);
#867=EDGE_CURVE('',#1056,#1057,#1098,.T.);
#868=EDGE_CURVE('',#1057,#1058,#100,.F.);
#869=EDGE_CURVE('',#1059,#1058,#1099,.T.);
#870=EDGE_CURVE('',#1059,#1056,#101,.T.);
#871=EDGE_CURVE('',#1058,#1060,#102,.F.);
#872=EDGE_CURVE('',#1060,#1061,#103,.T.);
#873=EDGE_CURVE('',#1061,#1062,#104,.T.);
#874=EDGE_CURVE('',#1062,#1063,#105,.T.);
#875=EDGE_CURVE('',#1063,#1059,#106,.F.);
#876=EDGE_CURVE('',#991,#1064,#107,.T.);
#877=EDGE_CURVE('',#1064,#1065,#1100,.F.);
#878=EDGE_CURVE('',#992,#1065,#108,.T.);
#879=EDGE_CURVE('',#1066,#1066,#1101,.F.);
#880=EDGE_CURVE('',#990,#1067,#109,.T.);
#881=EDGE_CURVE('',#1067,#1064,#110,.T.);
#882=EDGE_CURVE('',#1065,#1068,#111,.T.);
#883=EDGE_CURVE('',#1068,#993,#112,.F.);
#884=EDGE_CURVE('',#1069,#1070,#113,.F.);
#885=EDGE_CURVE('',#1070,#1071,#114,.T.);
#886=EDGE_CURVE('',#1071,#1072,#115,.T.);
#887=EDGE_CURVE('',#1072,#1069,#116,.F.);
#888=EDGE_CURVE('',#1073,#1073,#1102,.T.);
#889=EDGE_CURVE('',#1074,#1074,#1103,.T.);
#890=EDGE_CURVE('',#1071,#1031,#1104,.T.);
#891=EDGE_CURVE('',#1030,#1072,#1105,.F.);
#892=EDGE_CURVE('',#1010,#1070,#1106,.T.);
#893=EDGE_CURVE('',#1069,#1011,#1107,.F.);
#894=EDGE_CURVE('',#977,#1072,#1108,.T.);
#895=EDGE_CURVE('',#1069,#976,#1109,.T.);
#896=EDGE_CURVE('',#1011,#975,#1110,.T.);
#897=EDGE_CURVE('',#972,#1030,#1111,.T.);
#898=EDGE_CURVE('',#1012,#974,#1112,.T.);
#899=EDGE_CURVE('',#982,#999,#1113,.F.);
#900=EDGE_CURVE('',#983,#998,#1114,.T.);
#901=EDGE_CURVE('',#1027,#981,#1115,.F.);
#902=EDGE_CURVE('',#1028,#980,#1116,.T.);
#903=EDGE_CURVE('',#973,#1029,#1117,.T.);
#904=EDGE_CURVE('',#983,#974,#1118,.T.);
#905=EDGE_CURVE('',#973,#980,#1119,.F.);
#906=EDGE_CURVE('',#1068,#1013,#1120,.T.);
#907=EDGE_CURVE('',#997,#1067,#1121,.T.);
#908=EDGE_CURVE('',#971,#1010,#117,.T.);
#909=EDGE_CURVE('',#1070,#970,#118,.T.);
#910=EDGE_CURVE('',#1071,#969,#119,.T.);
#911=EDGE_CURVE('',#966,#1009,#120,.F.);
#912=EDGE_CURVE('',#1031,#968,#121,.T.);
#913=EDGE_CURVE('',#1068,#1017,#122,.T.);
#914=EDGE_CURVE('',#1018,#1065,#123,.T.);
#915=EDGE_CURVE('',#1046,#1008,#124,.F.);
#916=EDGE_CURVE('',#1032,#967,#125,.T.);
#917=EDGE_CURVE('',#1019,#1064,#126,.T.);
#918=EDGE_CURVE('',#1024,#1008,#127,.F.);
#919=EDGE_CURVE('',#1046,#1024,#128,.F.);
#920=EDGE_CURVE('',#1013,#1016,#129,.T.);
#921=EDGE_CURVE('',#1020,#1067,#130,.T.);
#922=EDGE_CURVE('',#1047,#1023,#131,.T.);
#923=EDGE_CURVE('',#1033,#1047,#132,.T.);
#924=EDGE_CURVE('',#1015,#1007,#133,.T.);
#925=EDGE_CURVE('',#1014,#1015,#134,.F.);
#926=EDGE_CURVE('',#1021,#997,#135,.T.);
#927=EDGE_CURVE('',#1033,#1023,#136,.T.);
#928=EDGE_CURVE('',#1014,#1007,#137,.F.);
#929=EDGE_CURVE('',#1022,#996,#138,.F.);
#930=EDGE_CURVE('',#1034,#1022,#139,.F.);
#931=EDGE_CURVE('',#985,#1006,#140,.T.);
#932=EDGE_CURVE('',#1034,#996,#141,.T.);
#933=EDGE_CURVE('',#986,#1005,#142,.T.);
#934=EDGE_CURVE('',#1035,#988,#143,.T.);
#935=EDGE_CURVE('',#987,#1055,#144,.T.);
#936=EDGE_CURVE('',#1036,#987,#145,.F.);
#937=EDGE_CURVE('',#1036,#1055,#146,.F.);
#938=EDGE_CURVE('',#1049,#1003,#147,.T.);
#939=EDGE_CURVE('',#1004,#1053,#148,.T.);
#940=EDGE_CURVE('',#1054,#1052,#149,.F.);
#941=EDGE_CURVE('',#1037,#1054,#150,.T.);
#942=EDGE_CURVE('',#1050,#1002,#151,.T.);
#943=EDGE_CURVE('',#1037,#1052,#152,.F.);
#944=EDGE_CURVE('',#1050,#1062,#153,.F.);
#945=EDGE_CURVE('',#1062,#1002,#154,.T.);
#946=EDGE_CURVE('',#1038,#1048,#155,.T.);
#947=EDGE_CURVE('',#1063,#1001,#156,.F.);
#948=EDGE_CURVE('',#1051,#1061,#157,.T.);
#949=EDGE_CURVE('',#1039,#1051,#158,.F.);
#950=EDGE_CURVE('',#1000,#1043,#159,.F.);
#951=EDGE_CURVE('',#1044,#999,#160,.T.);
#952=EDGE_CURVE('',#1056,#1000,#161,.F.);
#953=EDGE_CURVE('',#1039,#1061,#162,.F.);
#954=EDGE_CURVE('',#1045,#982,#163,.T.);
#955=EDGE_CURVE('',#1056,#1043,#164,.T.);
#956=EDGE_CURVE('',#1025,#1060,#165,.T.);
#957=EDGE_CURVE('',#1040,#981,#166,.T.);
#958=EDGE_CURVE('',#1057,#1042,#167,.F.);
#959=EDGE_CURVE('',#1026,#1057,#168,.F.);
#960=EDGE_CURVE('',#1041,#1027,#169,.T.);
#961=EDGE_CURVE('',#1026,#1042,#170,.F.);
#962=VERTEX_POINT('',#2019);
#963=VERTEX_POINT('',#2021);
#964=VERTEX_POINT('',#2024);
#965=VERTEX_POINT('',#2026);
#966=VERTEX_POINT('',#2029);
#967=VERTEX_POINT('',#2030);
#968=VERTEX_POINT('',#2032);
#969=VERTEX_POINT('',#2034);
#970=VERTEX_POINT('',#2036);
#971=VERTEX_POINT('',#2038);
#972=VERTEX_POINT('',#2042);
#973=VERTEX_POINT('',#2043);
#974=VERTEX_POINT('',#2045);
#975=VERTEX_POINT('',#2047);
#976=VERTEX_POINT('',#2049);
#977=VERTEX_POINT('',#2051);
#978=VERTEX_POINT('',#2054);
#979=VERTEX_POINT('',#2056);
#980=VERTEX_POINT('',#2059);
#981=VERTEX_POINT('',#2060);
#982=VERTEX_POINT('',#2062);
#983=VERTEX_POINT('',#2064);
#984=VERTEX_POINT('',#2068);
#985=VERTEX_POINT('',#2069);
#986=VERTEX_POINT('',#2071);
#987=VERTEX_POINT('',#2073);
#988=VERTEX_POINT('',#2075);
#989=VERTEX_POINT('',#2077);
#990=VERTEX_POINT('',#2079);
#991=VERTEX_POINT('',#2081);
#992=VERTEX_POINT('',#2083);
#993=VERTEX_POINT('',#2085);
#994=VERTEX_POINT('',#2089);
#995=VERTEX_POINT('',#2091);
#996=VERTEX_POINT('',#2094);
#997=VERTEX_POINT('',#2096);
#998=VERTEX_POINT('',#2100);
#999=VERTEX_POINT('',#2101);
#1000=VERTEX_POINT('',#2103);
#1001=VERTEX_POINT('',#2105);
#1002=VERTEX_POINT('',#2107);
#1003=VERTEX_POINT('',#2109);
#1004=VERTEX_POINT('',#2111);
#1005=VERTEX_POINT('',#2113);
#1006=VERTEX_POINT('',#2115);
#1007=VERTEX_POINT('',#2117);
#1008=VERTEX_POINT('',#2119);
#1009=VERTEX_POINT('',#2121);
#1010=VERTEX_POINT('',#2123);
#1011=VERTEX_POINT('',#2125);
#1012=VERTEX_POINT('',#2127);
#1013=VERTEX_POINT('',#2131);
#1014=VERTEX_POINT('',#2133);
#1015=VERTEX_POINT('',#2137);
#1016=VERTEX_POINT('',#2138);
#1017=VERTEX_POINT('',#2140);
#1018=VERTEX_POINT('',#2142);
#1019=VERTEX_POINT('',#2144);
#1020=VERTEX_POINT('',#2146);
#1021=VERTEX_POINT('',#2148);
#1022=VERTEX_POINT('',#2150);
#1023=VERTEX_POINT('',#2152);
#1024=VERTEX_POINT('',#2154);
#1025=VERTEX_POINT('',#2158);
#1026=VERTEX_POINT('',#2159);
#1027=VERTEX_POINT('',#2161);
#1028=VERTEX_POINT('',#2163);
#1029=VERTEX_POINT('',#2165);
#1030=VERTEX_POINT('',#2167);
#1031=VERTEX_POINT('',#2169);
#1032=VERTEX_POINT('',#2171);
#1033=VERTEX_POINT('',#2173);
#1034=VERTEX_POINT('',#2175);
#1035=VERTEX_POINT('',#2177);
#1036=VERTEX_POINT('',#2179);
#1037=VERTEX_POINT('',#2181);
#1038=VERTEX_POINT('',#2183);
#1039=VERTEX_POINT('',#2185);
#1040=VERTEX_POINT('',#2189);
#1041=VERTEX_POINT('',#2190);
#1042=VERTEX_POINT('',#2192);
#1043=VERTEX_POINT('',#2194);
#1044=VERTEX_POINT('',#2196);
#1045=VERTEX_POINT('',#2198);
#1046=VERTEX_POINT('',#2202);
#1047=VERTEX_POINT('',#2203);
#1048=VERTEX_POINT('',#2208);
#1049=VERTEX_POINT('',#2209);
#1050=VERTEX_POINT('',#2211);
#1051=VERTEX_POINT('',#2213);
#1052=VERTEX_POINT('',#2217);
#1053=VERTEX_POINT('',#2218);
#1054=VERTEX_POINT('',#2223);
#1055=VERTEX_POINT('',#2224);
#1056=VERTEX_POINT('',#2229);
#1057=VERTEX_POINT('',#2230);
#1058=VERTEX_POINT('',#2232);
#1059=VERTEX_POINT('',#2234);
#1060=VERTEX_POINT('',#2238);
#1061=VERTEX_POINT('',#2240);
#1062=VERTEX_POINT('',#2242);
#1063=VERTEX_POINT('',#2244);
#1064=VERTEX_POINT('',#2248);
#1065=VERTEX_POINT('',#2250);
#1066=VERTEX_POINT('',#2253);
#1067=VERTEX_POINT('',#2256);
#1068=VERTEX_POINT('',#2260);
#1069=VERTEX_POINT('',#2265);
#1070=VERTEX_POINT('',#2266);
#1071=VERTEX_POINT('',#2268);
#1072=VERTEX_POINT('',#2270);
#1073=VERTEX_POINT('',#2274);
#1074=VERTEX_POINT('',#2278);
#1075=CIRCLE('',#1454,0.00165);
#1076=CIRCLE('',#1455,0.00165);
#1077=CIRCLE('',#1457,0.00165);
#1078=CIRCLE('',#1458,0.00165);
#1079=CIRCLE('',#1460,0.007);
#1080=CIRCLE('',#1461,0.007);
#1081=CIRCLE('',#1463,0.0035);
#1082=CIRCLE('',#1464,0.0035);
#1083=CIRCLE('',#1465,0.003);
#1084=CIRCLE('',#1466,0.003);
#1085=CIRCLE('',#1469,0.0045);
#1086=CIRCLE('',#1470,0.0055);
#1087=CIRCLE('',#1471,0.0045);
#1088=CIRCLE('',#1473,0.00315);
#1089=CIRCLE('',#1474,0.00315);
#1090=CIRCLE('',#1477,0.009);
#1091=CIRCLE('',#1480,0.0035);
#1092=CIRCLE('',#1481,0.0065);
#1093=CIRCLE('',#1482,0.0035);
#1094=CIRCLE('',#1484,0.009);
#1095=CIRCLE('',#1486,0.0035);
#1096=CIRCLE('',#1487,0.0325);
#1097=CIRCLE('',#1488,0.0035);
#1098=CIRCLE('',#1494,0.0315);
#1099=CIRCLE('',#1495,0.0315);
#1100=CIRCLE('',#1498,0.0055);
#1101=CIRCLE('',#1499,0.0055);
#1102=CIRCLE('',#1505,0.003);
#1103=CIRCLE('',#1508,0.003);
#1104=CIRCLE('',#1511,0.008);
#1105=CIRCLE('',#1512,0.008);
#1106=CIRCLE('',#1514,0.008);
#1107=CIRCLE('',#1515,0.008);
#1108=CIRCLE('',#1517,0.0045);
#1109=CIRCLE('',#1518,0.0045);
#1110=CIRCLE('',#1520,0.0045);
#1111=CIRCLE('',#1522,0.0045);
#1112=CIRCLE('',#1524,0.0045);
#1113=CIRCLE('',#1526,0.0045);
#1114=CIRCLE('',#1527,0.0045);
#1115=CIRCLE('',#1529,0.0045);
#1116=CIRCLE('',#1530,0.0045);
#1117=CIRCLE('',#1532,0.0045);
#1118=CIRCLE('',#1534,0.0045);
#1119=CIRCLE('',#1536,0.0045);
#1120=CIRCLE('',#1539,0.0045);
#1121=CIRCLE('',#1541,0.0045);
#1122=EDGE_LOOP('',(#380));
#1123=EDGE_LOOP('',(#381));
#1124=EDGE_LOOP('',(#382));
#1125=EDGE_LOOP('',(#383));
#1126=EDGE_LOOP('',(#384,#385,#386,#387,#388,#389));
#1127=EDGE_LOOP('',(#390));
#1128=EDGE_LOOP('',(#391));
#1129=EDGE_LOOP('',(#392,#393,#394,#395,#396,#397));
#1130=EDGE_LOOP('',(#398));
#1131=EDGE_LOOP('',(#399));
#1132=EDGE_LOOP('',(#400,#401,#402,#403));
#1133=EDGE_LOOP('',(#404,#405,#406,#407,#408,#409,#410,#411,#412,#413));
#1134=EDGE_LOOP('',(#414));
#1135=EDGE_LOOP('',(#415));
#1136=EDGE_LOOP('',(#416,#417,#418,#419));
#1137=EDGE_LOOP('',(#420,#421,#422,#423,#424,#425,#426,#427,#428,#429,#430,
#431,#432,#433,#434));
#1138=EDGE_LOOP('',(#435,#436,#437,#438));
#1139=EDGE_LOOP('',(#439,#440,#441,#442,#443,#444,#445,#446,#447,#448));
#1140=EDGE_LOOP('',(#449,#450,#451,#452,#453,#454,#455,#456,#457,#458,#459,
#460,#461,#462,#463));
#1141=EDGE_LOOP('',(#464,#465,#466,#467,#468,#469));
#1142=EDGE_LOOP('',(#470,#471,#472,#473));
#1143=EDGE_LOOP('',(#474,#475,#476,#477));
#1144=EDGE_LOOP('',(#478,#479,#480,#481));
#1145=EDGE_LOOP('',(#482,#483,#484,#485));
#1146=EDGE_LOOP('',(#486,#487,#488,#489));
#1147=EDGE_LOOP('',(#490));
#1148=EDGE_LOOP('',(#491,#492,#493,#494,#495,#496));
#1149=EDGE_LOOP('',(#497,#498,#499,#500));
#1150=EDGE_LOOP('',(#501));
#1151=EDGE_LOOP('',(#502,#503,#504,#505));
#1152=EDGE_LOOP('',(#506,#507,#508,#509));
#1153=EDGE_LOOP('',(#510));
#1154=EDGE_LOOP('',(#511));
#1155=EDGE_LOOP('',(#512,#513,#514,#515));
#1156=EDGE_LOOP('',(#516));
#1157=EDGE_LOOP('',(#517));
#1158=EDGE_LOOP('',(#518));
#1159=EDGE_LOOP('',(#519));
#1160=EDGE_LOOP('',(#520));
#1161=EDGE_LOOP('',(#521));
#1162=EDGE_LOOP('',(#522));
#1163=EDGE_LOOP('',(#523));
#1164=EDGE_LOOP('',(#524,#525,#526,#527));
#1165=EDGE_LOOP('',(#528,#529,#530,#531));
#1166=EDGE_LOOP('',(#532,#533,#534,#535));
#1167=EDGE_LOOP('',(#536,#537,#538,#539));
#1168=EDGE_LOOP('',(#540,#541,#542,#543));
#1169=EDGE_LOOP('',(#544,#545,#546,#547));
#1170=EDGE_LOOP('',(#548,#549,#550,#551));
#1171=EDGE_LOOP('',(#552,#553,#554,#555));
#1172=EDGE_LOOP('',(#556,#557,#558,#559));
#1173=EDGE_LOOP('',(#560,#561,#562,#563));
#1174=EDGE_LOOP('',(#564,#565,#566,#567));
#1175=EDGE_LOOP('',(#568,#569,#570,#571));
#1176=EDGE_LOOP('',(#572,#573,#574,#575));
#1177=EDGE_LOOP('',(#576,#577,#578,#579));
#1178=EDGE_LOOP('',(#580,#581,#582,#583));
#1179=EDGE_LOOP('',(#584,#585,#586,#587));
#1180=EDGE_LOOP('',(#588,#589,#590,#591));
#1181=EDGE_LOOP('',(#592,#593,#594,#595));
#1182=EDGE_LOOP('',(#596,#597,#598,#599));
#1183=EDGE_LOOP('',(#600,#601,#602,#603));
#1184=EDGE_LOOP('',(#604,#605,#606,#607));
#1185=EDGE_LOOP('',(#608,#609,#610,#611));
#1186=EDGE_LOOP('',(#612,#613,#614));
#1187=EDGE_LOOP('',(#615,#616,#617,#618));
#1188=EDGE_LOOP('',(#619,#620,#621,#622));
#1189=EDGE_LOOP('',(#623,#624,#625,#626));
#1190=EDGE_LOOP('',(#627,#628,#629,#630));
#1191=EDGE_LOOP('',(#631,#632,#633,#634));
#1192=EDGE_LOOP('',(#635,#636,#637,#638));
#1193=EDGE_LOOP('',(#639,#640,#641,#642));
#1194=EDGE_LOOP('',(#643,#644,#645));
#1195=EDGE_LOOP('',(#646,#647,#648));
#1196=EDGE_LOOP('',(#649,#650,#651,#652));
#1197=EDGE_LOOP('',(#653,#654,#655,#656));
#1198=EDGE_LOOP('',(#657,#658,#659,#660));
#1199=EDGE_LOOP('',(#661,#662,#663));
#1200=EDGE_LOOP('',(#664,#665,#666,#667));
#1201=EDGE_LOOP('',(#668,#669,#670,#671));
#1202=EDGE_LOOP('',(#672,#673,#674,#675));
#1203=EDGE_LOOP('',(#676,#677,#678,#679));
#1204=EDGE_LOOP('',(#680,#681,#682));
#1205=EDGE_LOOP('',(#683,#684,#685,#686));
#1206=EDGE_LOOP('',(#687,#688,#689,#690));
#1207=EDGE_LOOP('',(#691,#692,#693,#694));
#1208=EDGE_LOOP('',(#695,#696,#697,#698));
#1209=EDGE_LOOP('',(#699,#700,#701));
#1210=EDGE_LOOP('',(#702,#703,#704));
#1211=EDGE_LOOP('',(#705,#706,#707,#708));
#1212=EDGE_LOOP('',(#709,#710,#711,#712));
#1213=EDGE_LOOP('',(#713,#714,#715,#716));
#1214=EDGE_LOOP('',(#717,#718,#719,#720));
#1215=EDGE_LOOP('',(#721,#722,#723,#724));
#1216=EDGE_LOOP('',(#725,#726,#727,#728,#729));
#1217=EDGE_LOOP('',(#730,#731,#732));
#1218=EDGE_LOOP('',(#733,#734,#735,#736));
#1219=EDGE_LOOP('',(#737,#738,#739));
#1220=EDGE_LOOP('',(#740,#741,#742,#743));
#1221=EDGE_LOOP('',(#744,#745,#746,#747));
#1222=EDGE_LOOP('',(#748,#749,#750,#751));
#1223=EDGE_LOOP('',(#752,#753,#754,#755,#756));
#1224=EDGE_LOOP('',(#757,#758,#759,#760));
#1225=EDGE_LOOP('',(#761,#762,#763));
#1226=EDGE_LOOP('',(#764,#765,#766,#767));
#1227=FACE_BOUND('',#1122,.T.);
#1228=FACE_BOUND('',#1123,.T.);
#1229=FACE_BOUND('',#1124,.T.);
#1230=FACE_BOUND('',#1125,.T.);
#1231=FACE_BOUND('',#1126,.T.);
#1232=FACE_BOUND('',#1127,.T.);
#1233=FACE_BOUND('',#1128,.T.);
#1234=FACE_BOUND('',#1129,.T.);
#1235=FACE_BOUND('',#1130,.T.);
#1236=FACE_BOUND('',#1131,.T.);
#1237=FACE_BOUND('',#1132,.T.);
#1238=FACE_BOUND('',#1133,.T.);
#1239=FACE_BOUND('',#1134,.T.);
#1240=FACE_BOUND('',#1135,.T.);
#1241=FACE_BOUND('',#1136,.T.);
#1242=FACE_BOUND('',#1137,.T.);
#1243=FACE_BOUND('',#1138,.T.);
#1244=FACE_BOUND('',#1139,.T.);
#1245=FACE_BOUND('',#1140,.T.);
#1246=FACE_BOUND('',#1141,.T.);
#1247=FACE_BOUND('',#1142,.T.);
#1248=FACE_BOUND('',#1143,.T.);
#1249=FACE_BOUND('',#1144,.T.);
#1250=FACE_BOUND('',#1145,.T.);
#1251=FACE_BOUND('',#1146,.T.);
#1252=FACE_BOUND('',#1147,.T.);
#1253=FACE_BOUND('',#1148,.T.);
#1254=FACE_BOUND('',#1149,.T.);
#1255=FACE_BOUND('',#1150,.T.);
#1256=FACE_BOUND('',#1151,.T.);
#1257=FACE_BOUND('',#1152,.T.);
#1258=FACE_BOUND('',#1153,.T.);
#1259=FACE_BOUND('',#1154,.T.);
#1260=FACE_BOUND('',#1155,.T.);
#1261=FACE_BOUND('',#1156,.T.);
#1262=FACE_BOUND('',#1157,.T.);
#1263=FACE_BOUND('',#1158,.T.);
#1264=FACE_BOUND('',#1159,.T.);
#1265=FACE_BOUND('',#1160,.T.);
#1266=FACE_BOUND('',#1161,.T.);
#1267=FACE_BOUND('',#1162,.T.);
#1268=FACE_BOUND('',#1163,.T.);
#1269=FACE_BOUND('',#1164,.T.);
#1270=FACE_BOUND('',#1165,.T.);
#1271=FACE_BOUND('',#1166,.T.);
#1272=FACE_BOUND('',#1167,.T.);
#1273=FACE_BOUND('',#1168,.T.);
#1274=FACE_BOUND('',#1169,.T.);
#1275=FACE_BOUND('',#1170,.T.);
#1276=FACE_BOUND('',#1171,.T.);
#1277=FACE_BOUND('',#1172,.T.);
#1278=FACE_BOUND('',#1173,.T.);
#1279=FACE_BOUND('',#1174,.T.);
#1280=FACE_BOUND('',#1175,.T.);
#1281=FACE_BOUND('',#1176,.T.);
#1282=FACE_BOUND('',#1177,.T.);
#1283=FACE_BOUND('',#1178,.T.);
#1284=FACE_BOUND('',#1179,.T.);
#1285=FACE_BOUND('',#1180,.T.);
#1286=FACE_BOUND('',#1181,.T.);
#1287=FACE_BOUND('',#1182,.T.);
#1288=FACE_BOUND('',#1183,.T.);
#1289=FACE_BOUND('',#1184,.T.);
#1290=FACE_BOUND('',#1185,.T.);
#1291=FACE_BOUND('',#1186,.T.);
#1292=FACE_BOUND('',#1187,.T.);
#1293=FACE_BOUND('',#1188,.T.);
#1294=FACE_BOUND('',#1189,.T.);
#1295=FACE_BOUND('',#1190,.T.);
#1296=FACE_BOUND('',#1191,.T.);
#1297=FACE_BOUND('',#1192,.T.);
#1298=FACE_BOUND('',#1193,.T.);
#1299=FACE_BOUND('',#1194,.T.);
#1300=FACE_BOUND('',#1195,.T.);
#1301=FACE_BOUND('',#1196,.T.);
#1302=FACE_BOUND('',#1197,.T.);
#1303=FACE_BOUND('',#1198,.T.);
#1304=FACE_BOUND('',#1199,.T.);
#1305=FACE_BOUND('',#1200,.T.);
#1306=FACE_BOUND('',#1201,.T.);
#1307=FACE_BOUND('',#1202,.T.);
#1308=FACE_BOUND('',#1203,.T.);
#1309=FACE_BOUND('',#1204,.T.);
#1310=FACE_BOUND('',#1205,.T.);
#1311=FACE_BOUND('',#1206,.T.);
#1312=FACE_BOUND('',#1207,.T.);
#1313=FACE_BOUND('',#1208,.T.);
#1314=FACE_BOUND('',#1209,.T.);
#1315=FACE_BOUND('',#1210,.T.);
#1316=FACE_BOUND('',#1211,.T.);
#1317=FACE_BOUND('',#1212,.T.);
#1318=FACE_BOUND('',#1213,.T.);
#1319=FACE_BOUND('',#1214,.T.);
#1320=FACE_BOUND('',#1215,.T.);
#1321=FACE_BOUND('',#1216,.T.);
#1322=FACE_BOUND('',#1217,.T.);
#1323=FACE_BOUND('',#1218,.T.);
#1324=FACE_BOUND('',#1219,.T.);
#1325=FACE_BOUND('',#1220,.T.);
#1326=FACE_BOUND('',#1221,.T.);
#1327=FACE_BOUND('',#1222,.T.);
#1328=FACE_BOUND('',#1223,.T.);
#1329=FACE_BOUND('',#1224,.T.);
#1330=FACE_BOUND('',#1225,.T.);
#1331=FACE_BOUND('',#1226,.T.);
#1332=CYLINDRICAL_SURFACE('',#1453,0.00165);
#1333=CYLINDRICAL_SURFACE('',#1456,0.00165);
#1334=CYLINDRICAL_SURFACE('',#1472,0.00315);
#1335=CYLINDRICAL_SURFACE('',#1493,0.0315);
#1336=CYLINDRICAL_SURFACE('',#1497,0.0055);
#1337=CYLINDRICAL_SURFACE('',#1506,0.003);
#1338=CYLINDRICAL_SURFACE('',#1507,0.003);
#1339=CYLINDRICAL_SURFACE('',#1510,0.008);
#1340=CYLINDRICAL_SURFACE('',#1513,0.008);
#1341=CYLINDRICAL_SURFACE('',#1516,0.0045);
#1342=CYLINDRICAL_SURFACE('',#1523,0.0045);
#1343=CYLINDRICAL_SURFACE('',#1525,0.0045);
#1344=CYLINDRICAL_SURFACE('',#1528,0.0045);
#1345=CYLINDRICAL_SURFACE('',#1531,0.0045);
#1346=CYLINDRICAL_SURFACE('',#1537,0.0045);
#1347=CYLINDRICAL_SURFACE('',#1538,0.0045);
#1348=CYLINDRICAL_SURFACE('',#1540,0.0045);
#1349=ADVANCED_FACE('',(#1227,#1228),#1332,.F.);
#1350=ADVANCED_FACE('',(#1229,#1230),#1333,.F.);
#1351=ADVANCED_FACE('',(#1231,#1232,#1233),#318,.F.);
#1352=ADVANCED_FACE('',(#1234,#1235,#1236),#319,.T.);
#1353=ADVANCED_FACE('',(#1237),#320,.T.);
#1354=ADVANCED_FACE('',(#1238),#321,.F.);
#1355=ADVANCED_FACE('',(#1239,#1240),#1334,.F.);
#1356=ADVANCED_FACE('',(#1241),#322,.F.);
#1357=ADVANCED_FACE('',(#1242),#323,.T.);
#1358=ADVANCED_FACE('',(#1243),#324,.F.);
#1359=ADVANCED_FACE('',(#1244),#325,.F.);
#1360=ADVANCED_FACE('',(#1245),#326,.F.);
#1361=ADVANCED_FACE('',(#1246),#327,.T.);
#1362=ADVANCED_FACE('',(#1247),#328,.T.);
#1363=ADVANCED_FACE('',(#1248),#329,.F.);
#1364=ADVANCED_FACE('',(#1249),#330,.T.);
#1365=ADVANCED_FACE('',(#1250),#331,.T.);
#1366=ADVANCED_FACE('',(#1251),#1335,.F.);
#1367=ADVANCED_FACE('',(#1252,#1253),#332,.T.);
#1368=ADVANCED_FACE('',(#1254,#1255),#1336,.F.);
#1369=ADVANCED_FACE('',(#1256),#333,.T.);
#1370=ADVANCED_FACE('',(#1257),#334,.F.);
#1371=ADVANCED_FACE('',(#1258,#1259),#335,.T.);
#1372=ADVANCED_FACE('',(#1260),#336,.T.);
#1373=ADVANCED_FACE('',(#1261,#1262),#337,.T.);
#1374=ADVANCED_FACE('',(#1263,#1264),#1337,.F.);
#1375=ADVANCED_FACE('',(#1265,#1266),#1338,.F.);
#1376=ADVANCED_FACE('',(#1267,#1268),#338,.T.);
#1377=ADVANCED_FACE('',(#1269),#1339,.T.);
#1378=ADVANCED_FACE('',(#1270),#1340,.T.);
#1379=ADVANCED_FACE('',(#1271),#1341,.T.);
#1380=ADVANCED_FACE('',(#1272),#22,.T.);
#1381=ADVANCED_FACE('',(#1273),#23,.T.);
#1382=ADVANCED_FACE('',(#1274),#1342,.T.);
#1383=ADVANCED_FACE('',(#1275),#1343,.T.);
#1384=ADVANCED_FACE('',(#1276),#1344,.T.);
#1385=ADVANCED_FACE('',(#1277),#1345,.T.);
#1386=ADVANCED_FACE('',(#1278),#20,.T.);
#1387=ADVANCED_FACE('',(#1279),#21,.T.);
#1388=ADVANCED_FACE('',(#1280),#1346,.F.);
#1389=ADVANCED_FACE('',(#1281),#1347,.T.);
#1390=ADVANCED_FACE('',(#1282),#1348,.T.);
#1391=ADVANCED_FACE('',(#1283),#12,.T.);
#1392=ADVANCED_FACE('',(#1284),#339,.T.);
#1393=ADVANCED_FACE('',(#1285),#340,.T.);
#1394=ADVANCED_FACE('',(#1286),#13,.T.);
#1395=ADVANCED_FACE('',(#1287),#341,.F.);
#1396=ADVANCED_FACE('',(#1288),#342,.F.);
#1397=ADVANCED_FACE('',(#1289),#343,.F.);
#1398=ADVANCED_FACE('',(#1290),#14,.F.);
#1399=ADVANCED_FACE('',(#1291),#344,.T.);
#1400=ADVANCED_FACE('',(#1292),#15,.T.);
#1401=ADVANCED_FACE('',(#1293),#345,.T.);
#1402=ADVANCED_FACE('',(#1294),#346,.T.);
#1403=ADVANCED_FACE('',(#1295),#347,.T.);
#1404=ADVANCED_FACE('',(#1296),#348,.T.);
#1405=ADVANCED_FACE('',(#1297),#349,.F.);
#1406=ADVANCED_FACE('',(#1298),#16,.T.);
#1407=ADVANCED_FACE('',(#1299),#350,.T.);
#1408=ADVANCED_FACE('',(#1300),#351,.T.);
#1409=ADVANCED_FACE('',(#1301),#352,.F.);
#1410=ADVANCED_FACE('',(#1302),#353,.F.);
#1411=ADVANCED_FACE('',(#1303),#354,.T.);
#1412=ADVANCED_FACE('',(#1304),#355,.T.);
#1413=ADVANCED_FACE('',(#1305),#356,.T.);
#1414=ADVANCED_FACE('',(#1306),#357,.F.);
#1415=ADVANCED_FACE('',(#1307),#358,.T.);
#1416=ADVANCED_FACE('',(#1308),#359,.F.);
#1417=ADVANCED_FACE('',(#1309),#360,.T.);
#1418=ADVANCED_FACE('',(#1310),#361,.F.);
#1419=ADVANCED_FACE('',(#1311),#362,.F.);
#1420=ADVANCED_FACE('',(#1312),#363,.T.);
#1421=ADVANCED_FACE('',(#1313),#364,.T.);
#1422=ADVANCED_FACE('',(#1314),#365,.T.);
#1423=ADVANCED_FACE('',(#1315),#366,.T.);
#1424=ADVANCED_FACE('',(#1316),#367,.T.);
#1425=ADVANCED_FACE('',(#1317),#368,.F.);
#1426=ADVANCED_FACE('',(#1318),#369,.T.);
#1427=ADVANCED_FACE('',(#1319),#370,.F.);
#1428=ADVANCED_FACE('',(#1320),#371,.F.);
#1429=ADVANCED_FACE('',(#1321),#372,.F.);
#1430=ADVANCED_FACE('',(#1322),#373,.T.);
#1431=ADVANCED_FACE('',(#1323),#17,.T.);
#1432=ADVANCED_FACE('',(#1324),#374,.T.);
#1433=ADVANCED_FACE('',(#1325),#375,.T.);
#1434=ADVANCED_FACE('',(#1326),#376,.F.);
#1435=ADVANCED_FACE('',(#1327),#18,.F.);
#1436=ADVANCED_FACE('',(#1328),#377,.F.);
#1437=ADVANCED_FACE('',(#1329),#19,.T.);
#1438=ADVANCED_FACE('',(#1330),#378,.T.);
#1439=ADVANCED_FACE('',(#1331),#379,.T.);
#1440=CLOSED_SHELL('',(#1349,#1350,#1351,#1352,#1353,#1354,#1355,#1356,
#1357,#1358,#1359,#1360,#1361,#1362,#1363,#1364,#1365,#1366,#1367,#1368,
#1369,#1370,#1371,#1372,#1373,#1374,#1375,#1376,#1377,#1378,#1379,#1380,
#1381,#1382,#1383,#1384,#1385,#1386,#1387,#1388,#1389,#1390,#1391,#1392,
#1393,#1394,#1395,#1396,#1397,#1398,#1399,#1400,#1401,#1402,#1403,#1404,
#1405,#1406,#1407,#1408,#1409,#1410,#1411,#1412,#1413,#1414,#1415,#1416,
#1417,#1418,#1419,#1420,#1421,#1422,#1423,#1424,#1425,#1426,#1427,#1428,
#1429,#1430,#1431,#1432,#1433,#1434,#1435,#1436,#1437,#1438,#1439));
#1441=STYLED_ITEM('',(#1442),#1449);
#1442=PRESENTATION_STYLE_ASSIGNMENT((#1443));
#1443=SURFACE_STYLE_USAGE(.BOTH.,#1444);
#1444=SURFACE_SIDE_STYLE('',(#1445));
#1445=SURFACE_STYLE_FILL_AREA(#1446);
#1446=FILL_AREA_STYLE('',(#1447));
#1447=FILL_AREA_STYLE_COLOUR('',#1448);
#1448=COLOUR_RGB('',0.615686274509804,0.811764705882353,0.929411764705882);
#1449=MANIFOLD_SOLID_BREP('Part 1',#1440);
#1450=SHAPE_DEFINITION_REPRESENTATION(#2421,#1451);
#1451=SHAPE_REPRESENTATION('Part 1',(#1452),#2416);
#1452=AXIS2_PLACEMENT_3D('',#2016,#1591,#1592);
#1453=AXIS2_PLACEMENT_3D('',#2017,#1593,#1594);
#1454=AXIS2_PLACEMENT_3D('',#2018,#1595,#1596);
#1455=AXIS2_PLACEMENT_3D('',#2020,#1597,#1598);
#1456=AXIS2_PLACEMENT_3D('',#2022,#1599,#1600);
#1457=AXIS2_PLACEMENT_3D('',#2023,#1601,#1602);
#1458=AXIS2_PLACEMENT_3D('',#2025,#1603,#1604);
#1459=AXIS2_PLACEMENT_3D('',#2027,#1605,#1606);
#1460=AXIS2_PLACEMENT_3D('',#2033,#1609,#1610);
#1461=AXIS2_PLACEMENT_3D('',#2037,#1612,#1613);
#1462=AXIS2_PLACEMENT_3D('',#2040,#1615,#1616);
#1463=AXIS2_PLACEMENT_3D('',#2048,#1620,#1621);
#1464=AXIS2_PLACEMENT_3D('',#2052,#1623,#1624);
#1465=AXIS2_PLACEMENT_3D('',#2053,#1625,#1626);
#1466=AXIS2_PLACEMENT_3D('',#2055,#1627,#1628);
#1467=AXIS2_PLACEMENT_3D('',#2057,#1629,#1630);
#1468=AXIS2_PLACEMENT_3D('',#2066,#1635,#1636);
#1469=AXIS2_PLACEMENT_3D('',#2078,#1642,#1643);
#1470=AXIS2_PLACEMENT_3D('',#2082,#1645,#1646);
#1471=AXIS2_PLACEMENT_3D('',#2086,#1648,#1649);
#1472=AXIS2_PLACEMENT_3D('',#2087,#1650,#1651);
#1473=AXIS2_PLACEMENT_3D('',#2088,#1652,#1653);
#1474=AXIS2_PLACEMENT_3D('',#2090,#1654,#1655);
#1475=AXIS2_PLACEMENT_3D('',#2092,#1656,#1657);
#1476=AXIS2_PLACEMENT_3D('',#2098,#1661,#1662);
#1477=AXIS2_PLACEMENT_3D('',#2128,#1677,#1678);
#1478=AXIS2_PLACEMENT_3D('',#2129,#1679,#1680);
#1479=AXIS2_PLACEMENT_3D('',#2135,#1684,#1685);
#1480=AXIS2_PLACEMENT_3D('',#2139,#1687,#1688);
#1481=AXIS2_PLACEMENT_3D('',#2143,#1690,#1691);
#1482=AXIS2_PLACEMENT_3D('',#2147,#1693,#1694);
#1483=AXIS2_PLACEMENT_3D('',#2156,#1699,#1700);
#1484=AXIS2_PLACEMENT_3D('',#2164,#1704,#1705);
#1485=AXIS2_PLACEMENT_3D('',#2187,#1717,#1718);
#1486=AXIS2_PLACEMENT_3D('',#2188,#1719,#1720);
#1487=AXIS2_PLACEMENT_3D('',#2193,#1722,#1723);
#1488=AXIS2_PLACEMENT_3D('',#2197,#1725,#1726);
#1489=AXIS2_PLACEMENT_3D('',#2200,#1728,#1729);
#1490=AXIS2_PLACEMENT_3D('',#2206,#1733,#1734);
#1491=AXIS2_PLACEMENT_3D('',#2215,#1739,#1740);
#1492=AXIS2_PLACEMENT_3D('',#2221,#1744,#1745);
#1493=AXIS2_PLACEMENT_3D('',#2227,#1749,#1750);
#1494=AXIS2_PLACEMENT_3D('',#2228,#1751,#1752);
#1495=AXIS2_PLACEMENT_3D('',#2233,#1754,#1755);
#1496=AXIS2_PLACEMENT_3D('',#2236,#1757,#1758);
#1497=AXIS2_PLACEMENT_3D('',#2246,#1764,#1765);
#1498=AXIS2_PLACEMENT_3D('',#2249,#1767,#1768);
#1499=AXIS2_PLACEMENT_3D('',#2252,#1770,#1771);
#1500=AXIS2_PLACEMENT_3D('',#2254,#1772,#1773);
#1501=AXIS2_PLACEMENT_3D('',#2258,#1776,#1777);
#1502=AXIS2_PLACEMENT_3D('',#2262,#1780,#1781);
#1503=AXIS2_PLACEMENT_3D('',#2263,#1782,#1783);
#1504=AXIS2_PLACEMENT_3D('',#2272,#1788,#1789);
#1505=AXIS2_PLACEMENT_3D('',#2273,#1790,#1791);
#1506=AXIS2_PLACEMENT_3D('',#2275,#1792,#1793);
#1507=AXIS2_PLACEMENT_3D('',#2276,#1794,#1795);
#1508=AXIS2_PLACEMENT_3D('',#2277,#1796,#1797);
#1509=AXIS2_PLACEMENT_3D('',#2279,#1798,#1799);
#1510=AXIS2_PLACEMENT_3D('',#2280,#1800,#1801);
#1511=AXIS2_PLACEMENT_3D('',#2281,#1802,#1803);
#1512=AXIS2_PLACEMENT_3D('',#2282,#1804,#1805);
#1513=AXIS2_PLACEMENT_3D('',#2283,#1806,#1807);
#1514=AXIS2_PLACEMENT_3D('',#2284,#1808,#1809);
#1515=AXIS2_PLACEMENT_3D('',#2285,#1810,#1811);
#1516=AXIS2_PLACEMENT_3D('',#2286,#1812,#1813);
#1517=AXIS2_PLACEMENT_3D('',#2287,#1814,#1815);
#1518=AXIS2_PLACEMENT_3D('',#2288,#1816,#1817);
#1519=AXIS2_PLACEMENT_3D('',#2289,#1818,#1819);
#1520=AXIS2_PLACEMENT_3D('',#2290,#1820,#1821);
#1521=AXIS2_PLACEMENT_3D('',#2291,#1822,#1823);
#1522=AXIS2_PLACEMENT_3D('',#2292,#1824,#1825);
#1523=AXIS2_PLACEMENT_3D('',#2293,#1826,#1827);
#1524=AXIS2_PLACEMENT_3D('',#2294,#1828,#1829);
#1525=AXIS2_PLACEMENT_3D('',#2295,#1830,#1831);
#1526=AXIS2_PLACEMENT_3D('',#2296,#1832,#1833);
#1527=AXIS2_PLACEMENT_3D('',#2297,#1834,#1835);
#1528=AXIS2_PLACEMENT_3D('',#2298,#1836,#1837);
#1529=AXIS2_PLACEMENT_3D('',#2299,#1838,#1839);
#1530=AXIS2_PLACEMENT_3D('',#2300,#1840,#1841);
#1531=AXIS2_PLACEMENT_3D('',#2301,#1842,#1843);
#1532=AXIS2_PLACEMENT_3D('',#2302,#1844,#1845);
#1533=AXIS2_PLACEMENT_3D('',#2303,#1846,#1847);
#1534=AXIS2_PLACEMENT_3D('',#2304,#1848,#1849);
#1535=AXIS2_PLACEMENT_3D('',#2305,#1850,#1851);
#1536=AXIS2_PLACEMENT_3D('',#2306,#1852,#1853);
#1537=AXIS2_PLACEMENT_3D('',#2307,#1854,#1855);
#1538=AXIS2_PLACEMENT_3D('',#2308,#1856,#1857);
#1539=AXIS2_PLACEMENT_3D('',#2309,#1858,#1859);
#1540=AXIS2_PLACEMENT_3D('',#2310,#1860,#1861);
#1541=AXIS2_PLACEMENT_3D('',#2311,#1862,#1863);
#1542=AXIS2_PLACEMENT_3D('',#2312,#1864,#1865);
#1543=AXIS2_PLACEMENT_3D('',#2315,#1868,#1869);
#1544=AXIS2_PLACEMENT_3D('',#2317,#1871,#1872);
#1545=AXIS2_PLACEMENT_3D('',#2319,#1874,#1875);
#1546=AXIS2_PLACEMENT_3D('',#2321,#1877,#1878);
#1547=AXIS2_PLACEMENT_3D('',#2324,#1881,#1882);
#1548=AXIS2_PLACEMENT_3D('',#2326,#1884,#1885);
#1549=AXIS2_PLACEMENT_3D('',#2328,#1887,#1888);
#1550=AXIS2_PLACEMENT_3D('',#2330,#1890,#1891);
#1551=AXIS2_PLACEMENT_3D('',#2333,#1894,#1895);
#1552=AXIS2_PLACEMENT_3D('',#2335,#1897,#1898);
#1553=AXIS2_PLACEMENT_3D('',#2337,#1900,#1901);
#1554=AXIS2_PLACEMENT_3D('',#2339,#1903,#1904);
#1555=AXIS2_PLACEMENT_3D('',#2341,#1906,#1907);
#1556=AXIS2_PLACEMENT_3D('',#2343,#1909,#1910);
#1557=AXIS2_PLACEMENT_3D('',#2345,#1912,#1913);
#1558=AXIS2_PLACEMENT_3D('',#2347,#1915,#1916);
#1559=AXIS2_PLACEMENT_3D('',#2349,#1918,#1919);
#1560=AXIS2_PLACEMENT_3D('',#2351,#1921,#1922);
#1561=AXIS2_PLACEMENT_3D('',#2353,#1924,#1925);
#1562=AXIS2_PLACEMENT_3D('',#2355,#1927,#1928);
#1563=AXIS2_PLACEMENT_3D('',#2357,#1930,#1931);
#1564=AXIS2_PLACEMENT_3D('',#2359,#1933,#1934);
#1565=AXIS2_PLACEMENT_3D('',#2361,#1936,#1937);
#1566=AXIS2_PLACEMENT_3D('',#2363,#1939,#1940);
#1567=AXIS2_PLACEMENT_3D('',#2365,#1942,#1943);
#1568=AXIS2_PLACEMENT_3D('',#2367,#1945,#1946);
#1569=AXIS2_PLACEMENT_3D('',#2369,#1948,#1949);
#1570=AXIS2_PLACEMENT_3D('',#2372,#1952,#1953);
#1571=AXIS2_PLACEMENT_3D('',#2374,#1955,#1956);
#1572=AXIS2_PLACEMENT_3D('',#2376,#1958,#1959);
#1573=AXIS2_PLACEMENT_3D('',#2378,#1961,#1962);
#1574=AXIS2_PLACEMENT_3D('',#2380,#1964,#1965);
#1575=AXIS2_PLACEMENT_3D('',#2383,#1968,#1969);
#1576=AXIS2_PLACEMENT_3D('',#2385,#1971,#1972);
#1577=AXIS2_PLACEMENT_3D('',#2387,#1974,#1975);
#1578=AXIS2_PLACEMENT_3D('',#2389,#1977,#1978);
#1579=AXIS2_PLACEMENT_3D('',#2391,#1980,#1981);
#1580=AXIS2_PLACEMENT_3D('',#2394,#1984,#1985);
#1581=AXIS2_PLACEMENT_3D('',#2396,#1987,#1988);
#1582=AXIS2_PLACEMENT_3D('',#2398,#1990,#1991);
#1583=AXIS2_PLACEMENT_3D('',#2400,#1993,#1994);
#1584=AXIS2_PLACEMENT_3D('',#2402,#1996,#1997);
#1585=AXIS2_PLACEMENT_3D('',#2404,#1999,#2000);
#1586=AXIS2_PLACEMENT_3D('',#2406,#2002,#2003);
#1587=AXIS2_PLACEMENT_3D('',#2408,#2005,#2006);
#1588=AXIS2_PLACEMENT_3D('',#2410,#2008,#2009);
#1589=AXIS2_PLACEMENT_3D('',#2412,#2011,#2012);
#1590=AXIS2_PLACEMENT_3D('',#2414,#2014,#2015);
#1591=DIRECTION('',(0.,0.,1.));
#1592=DIRECTION('',(1.,0.,0.));
#1593=DIRECTION('',(1.,1.65211759616839E-16,0.));
#1594=DIRECTION('',(-1.65211759616839E-16,1.,0.));
#1595=DIRECTION('',(-1.,-1.65211759616839E-16,0.));
#1596=DIRECTION('',(-1.65211759616839E-16,1.,0.));
#1597=DIRECTION('',(-1.,-1.65211759616839E-16,0.));
#1598=DIRECTION('',(1.65211759616839E-16,-1.,0.));
#1599=DIRECTION('',(1.,1.65211759616839E-16,0.));
#1600=DIRECTION('',(-1.65211759616839E-16,1.,0.));
#1601=DIRECTION('',(1.,1.65211759616839E-16,0.));
#1602=DIRECTION('',(-1.65211759616839E-16,1.,0.));
#1603=DIRECTION('',(-1.,-1.65211759616839E-16,0.));
#1604=DIRECTION('',(1.65211759616839E-16,-1.,0.));
#1605=DIRECTION('',(-1.,-1.65211759616839E-16,0.));
#1606=DIRECTION('',(1.65211759616839E-16,-1.,0.));
#1607=DIRECTION('',(-1.65211759616839E-16,1.,0.));
#1608=DIRECTION('',(0.,0.,1.));
#1609=DIRECTION('',(-1.,-1.65211759616839E-16,0.));
#1610=DIRECTION('',(1.65211759616839E-16,-1.,0.));
#1611=DIRECTION('',(1.65211759616839E-16,-1.,0.));
#1612=DIRECTION('',(-1.,-1.65211759616839E-16,0.));
#1613=DIRECTION('',(1.65211759616839E-16,-1.,0.));
#1614=DIRECTION('',(0.,0.,-1.));
#1615=DIRECTION('',(-1.,-1.65211759616839E-16,0.));
#1616=DIRECTION('',(1.65211759616839E-16,-1.,0.));
#1617=DIRECTION('',(0.,0.,-1.));
#1618=DIRECTION('',(-1.65211759616839E-16,1.,0.));
#1619=DIRECTION('',(0.,0.,-1.));
#1620=DIRECTION('',(-1.,-1.65211759616839E-16,0.));
#1621=DIRECTION('',(1.65211759616839E-16,-1.,0.));
#1622=DIRECTION('',(-1.65211759616839E-16,1.,0.));
#1623=DIRECTION('',(-1.,-1.65211759616839E-16,0.));
#1624=DIRECTION('',(1.65211759616839E-16,-1.,0.));
#1625=DIRECTION('',(-1.,-1.65211759616839E-16,0.));
#1626=DIRECTION('',(1.65211759616839E-16,-1.,0.));
#1627=DIRECTION('',(-1.,-1.65211759616839E-16,0.));
#1628=DIRECTION('',(1.65211759616839E-16,-1.,0.));
#1629=DIRECTION('',(0.,0.,1.));
#1630=DIRECTION('',(1.,0.,0.));
#1631=DIRECTION('',(-1.,-1.38777878078145E-16,0.));
#1632=DIRECTION('',(1.65211759616839E-16,-1.,0.));
#1633=DIRECTION('',(-1.,-1.38777878078145E-16,0.));
#1634=DIRECTION('',(-1.65211759616839E-16,1.,0.));
#1635=DIRECTION('',(-1.,-5.16286748802621E-17,0.));
#1636=DIRECTION('',(5.16286748802621E-17,-1.,0.));
#1637=DIRECTION('',(5.16286748802621E-17,-1.,0.));
#1638=DIRECTION('',(0.,0.,-1.));
#1639=DIRECTION('',(-5.16286748802621E-17,1.,0.));
#1640=DIRECTION('',(0.,0.,1.));
#1641=DIRECTION('',(5.16286748802621E-17,-1.,0.));
#1642=DIRECTION('',(-1.,-5.16286748802621E-17,0.));
#1643=DIRECTION('',(5.16286748802621E-17,-1.,0.));
#1644=DIRECTION('',(0.,0.,-1.));
#1645=DIRECTION('',(-1.,-5.16286748802621E-17,0.));
#1646=DIRECTION('',(5.16286748802621E-17,-1.,0.));
#1647=DIRECTION('',(0.,0.,-1.));
#1648=DIRECTION('',(-1.,-5.16286748802621E-17,0.));
#1649=DIRECTION('',(5.16286748802621E-17,-1.,0.));
#1650=DIRECTION('',(-1.,-1.65211759616839E-16,0.));
#1651=DIRECTION('',(1.65211759616839E-16,-1.,0.));
#1652=DIRECTION('',(-1.,-1.65211759616839E-16,0.));
#1653=DIRECTION('',(1.65211759616839E-16,-1.,0.));
#1654=DIRECTION('',(-1.,-5.16286748802621E-17,0.));
#1655=DIRECTION('',(5.16286748802621E-17,-1.,0.));
#1656=DIRECTION('',(0.,0.,1.));
#1657=DIRECTION('',(1.,0.,0.));
#1658=DIRECTION('',(1.,1.38777878078145E-16,0.));
#1659=DIRECTION('',(1.65211759616839E-16,-1.,0.));
#1660=DIRECTION('',(1.,1.65211759616839E-16,0.));
#1661=DIRECTION('',(1.38777878078145E-16,-1.,0.));
#1662=DIRECTION('',(1.,1.38777878078145E-16,0.));
#1663=DIRECTION('',(-1.,-1.38777878078145E-16,0.));
#1664=DIRECTION('',(0.,0.,-1.));
#1665=DIRECTION('',(1.,1.38777878078145E-16,-2.06374615375396E-17));
#1666=DIRECTION('',(0.,0.,-1.));
#1667=DIRECTION('',(1.,1.38777878078145E-16,0.));
#1668=DIRECTION('',(0.,0.,-1.));
#1669=DIRECTION('',(-1.,-1.38777878078145E-16,0.));
#1670=DIRECTION('',(0.,0.,1.));
#1671=DIRECTION('',(1.,1.38777878078145E-16,0.));
#1672=DIRECTION('',(0.,0.,1.));
#1673=DIRECTION('',(-1.,-1.38777878078145E-16,0.));
#1674=DIRECTION('',(0.,0.,1.));
#1675=DIRECTION('',(-1.,-1.38777878078145E-16,0.));
#1676=DIRECTION('',(0.,0.,-1.));
#1677=DIRECTION('',(1.38777878078145E-16,-1.,0.));
#1678=DIRECTION('',(1.,1.38777878078145E-16,0.));
#1679=DIRECTION('',(0.,0.,1.));
#1680=DIRECTION('',(1.,0.,0.));
#1681=DIRECTION('',(1.,1.65211759616839E-16,0.));
#1682=DIRECTION('',(1.65211759616839E-16,-1.,0.));
#1683=DIRECTION('',(-1.,-1.38777878078145E-16,0.));
#1684=DIRECTION('',(-1.,-1.65211759616839E-16,0.));
#1685=DIRECTION('',(1.65211759616839E-16,-1.,0.));
#1686=DIRECTION('',(-1.65211759616839E-16,1.,0.));
#1687=DIRECTION('',(-1.,-1.65211759616839E-16,0.));
#1688=DIRECTION('',(1.65211759616839E-16,-1.,0.));
#1689=DIRECTION('',(0.,0.,1.));
#1690=DIRECTION('',(-1.,-1.65211759616839E-16,0.));
#1691=DIRECTION('',(1.65211759616839E-16,-1.,0.));
#1692=DIRECTION('',(0.,0.,-1.));
#1693=DIRECTION('',(-1.,-1.65211759616839E-16,0.));
#1694=DIRECTION('',(1.65211759616839E-16,-1.,0.));
#1695=DIRECTION('',(-1.65211759616839E-16,1.,0.));
#1696=DIRECTION('',(0.,0.,1.));
#1697=DIRECTION('',(1.65211759616839E-16,-1.,0.));
#1698=DIRECTION('',(0.,0.,-1.));
#1699=DIRECTION('',(1.38777878078145E-16,-1.,0.));
#1700=DIRECTION('',(1.,1.38777878078145E-16,0.));
#1701=DIRECTION('',(-1.,-1.38777878078145E-16,-3.13861394216748E-17));
#1702=DIRECTION('',(0.,0.,1.));
#1703=DIRECTION('',(-1.,-1.38777878078145E-16,0.));
#1704=DIRECTION('',(1.38777878078145E-16,-1.,0.));
#1705=DIRECTION('',(1.,1.38777878078145E-16,0.));
#1706=DIRECTION('',(0.,0.,-1.));
#1707=DIRECTION('',(-1.,-1.38777878078145E-16,0.));
#1708=DIRECTION('',(0.,0.,-1.));
#1709=DIRECTION('',(1.,1.38777878078145E-16,0.));
#1710=DIRECTION('',(0.,0.,-1.));
#1711=DIRECTION('',(-1.,-1.38777878078145E-16,0.));
#1712=DIRECTION('',(0.,0.,-1.));
#1713=DIRECTION('',(-1.,-1.38777878078145E-16,0.));
#1714=DIRECTION('',(0.,0.,1.));
#1715=DIRECTION('',(-1.,-1.38777878078145E-16,0.));
#1716=DIRECTION('',(0.,0.,1.));
#1717=DIRECTION('',(-1.,-1.65211759616839E-16,0.));
#1718=DIRECTION('',(1.65211759616839E-16,-1.,0.));
#1719=DIRECTION('',(-1.,-1.65211759616839E-16,0.));
#1720=DIRECTION('',(1.65211759616839E-16,-1.,0.));
#1721=DIRECTION('',(0.,0.,-1.));
#1722=DIRECTION('',(-1.,-1.65211759616839E-16,0.));
#1723=DIRECTION('',(1.65211759616839E-16,-1.,0.));
#1724=DIRECTION('',(0.,0.,1.));
#1725=DIRECTION('',(-1.,-1.65211759616839E-16,0.));
#1726=DIRECTION('',(1.65211759616839E-16,-1.,0.));
#1727=DIRECTION('',(-1.65211759616839E-16,1.,0.));
#1728=DIRECTION('',(0.,0.,1.));
#1729=DIRECTION('',(1.,0.,0.));
#1730=DIRECTION('',(-1.65211759616839E-16,1.,0.));
#1731=DIRECTION('',(-1.,-1.38777878078145E-16,0.));
#1732=DIRECTION('',(1.,1.38777878078145E-16,0.));
#1733=DIRECTION('',(0.,0.,1.));
#1734=DIRECTION('',(1.,0.,0.));
#1735=DIRECTION('',(0.,-1.,0.));
#1736=DIRECTION('',(-1.,-1.38777878078145E-16,0.));
#1737=DIRECTION('',(-1.65211759616839E-16,1.,0.));
#1738=DIRECTION('',(1.,1.38777878078145E-16,0.));
#1739=DIRECTION('',(-1.,0.,0.));
#1740=DIRECTION('',(0.,0.,1.));
#1741=DIRECTION('',(0.,-1.,0.));
#1742=DIRECTION('',(0.,0.,1.));
#1743=DIRECTION('',(0.,0.,-1.));
#1744=DIRECTION('',(0.,0.,-1.));
#1745=DIRECTION('',(1.,0.,0.));
#1746=DIRECTION('',(1.,1.38777878078145E-16,0.));
#1747=DIRECTION('',(5.16286748802621E-17,-1.,0.));
#1748=DIRECTION('',(0.,1.,0.));
#1749=DIRECTION('',(-1.,-1.65211759616839E-16,0.));
#1750=DIRECTION('',(1.65211759616839E-16,-1.,0.));
#1751=DIRECTION('',(-1.,-1.65211759616839E-16,0.));
#1752=DIRECTION('',(1.65211759616839E-16,-1.,0.));
#1753=DIRECTION('',(-1.,-1.65211759616839E-16,0.));
#1754=DIRECTION('',(-1.,-1.65211759616839E-16,0.));
#1755=DIRECTION('',(1.65211759616839E-16,-1.,0.));
#1756=DIRECTION('',(-1.,-1.65211759616839E-16,0.));
#1757=DIRECTION('',(-1.,-1.65211759616839E-16,0.));
#1758=DIRECTION('',(1.65211759616839E-16,-1.,0.));
#1759=DIRECTION('',(1.48478622629856E-16,-0.89871703427292,-0.43852900965351));
#1760=DIRECTION('',(0.,0.,-1.));
#1761=DIRECTION('',(1.65211759616839E-16,-1.,0.));
#1762=DIRECTION('',(0.,0.,1.));
#1763=DIRECTION('',(1.48478622629855E-16,-0.898717034272916,0.438529009653517));
#1764=DIRECTION('',(1.,1.65211759616839E-16,0.));
#1765=DIRECTION('',(-1.65211759616839E-16,1.,0.));
#1766=DIRECTION('',(1.,1.65211759616839E-16,0.));
#1767=DIRECTION('',(-1.,-1.65211759616839E-16,0.));
#1768=DIRECTION('',(1.65211759616839E-16,-1.,0.));
#1769=DIRECTION('',(1.,1.65211759616839E-16,0.));
#1770=DIRECTION('',(-1.,-5.16286748802621E-17,0.));
#1771=DIRECTION('',(5.16286748802621E-17,-1.,0.));
#1772=DIRECTION('',(1.65211759616839E-16,-1.,0.));
#1773=DIRECTION('',(1.,1.65211759616839E-16,0.));
#1774=DIRECTION('',(1.,1.65211759616839E-16,0.));
#1775=DIRECTION('',(0.,0.,1.));
#1776=DIRECTION('',(1.65211759616839E-16,-1.,0.));
#1777=DIRECTION('',(1.,1.65211759616839E-16,0.));
#1778=DIRECTION('',(0.,0.,-1.));
#1779=DIRECTION('',(1.,1.65211759616839E-16,0.));
#1780=DIRECTION('',(1.,5.16286748802621E-17,0.));
#1781=DIRECTION('',(-5.16286748802621E-17,1.,0.));
#1782=DIRECTION('',(0.,0.,1.));
#1783=DIRECTION('',(1.,0.,0.));
#1784=DIRECTION('',(-1.,-1.38777878078145E-16,0.));
#1785=DIRECTION('',(-1.65211759616839E-16,1.,0.));
#1786=DIRECTION('',(-1.,-1.38777878078145E-16,0.));
#1787=DIRECTION('',(-1.65211759616839E-16,1.,0.));
#1788=DIRECTION('',(-1.,-1.65211759616839E-16,0.));
#1789=DIRECTION('',(1.65211759616839E-16,-1.,0.));
#1790=DIRECTION('',(-1.,-1.65211759616839E-16,0.));
#1791=DIRECTION('',(1.65211759616839E-16,-1.,0.));
#1792=DIRECTION('',(-1.,-1.65211759616839E-16,0.));
#1793=DIRECTION('',(1.65211759616839E-16,-1.,0.));
#1794=DIRECTION('',(-1.,-1.65211759616839E-16,0.));
#1795=DIRECTION('',(1.65211759616839E-16,-1.,0.));
#1796=DIRECTION('',(-1.,-1.65211759616839E-16,0.));
#1797=DIRECTION('',(1.65211759616839E-16,-1.,0.));
#1798=DIRECTION('',(-1.,-1.65211759616839E-16,0.));
#1799=DIRECTION('',(1.65211759616839E-16,-1.,0.));
#1800=DIRECTION('',(1.,1.38777878078145E-16,0.));
#1801=DIRECTION('',(-1.38777878078145E-16,1.,0.));
#1802=DIRECTION('',(-1.,0.,0.));
#1803=DIRECTION('',(0.,0.,1.));
#1804=DIRECTION('',(-1.,-1.65211759616839E-16,0.));
#1805=DIRECTION('',(1.65211759616839E-16,-1.,0.));
#1806=DIRECTION('',(-1.,-1.38777878078145E-16,0.));
#1807=DIRECTION('',(1.38777878078145E-16,-1.,0.));
#1808=DIRECTION('',(-1.,0.,0.));
#1809=DIRECTION('',(0.,0.,1.));
#1810=DIRECTION('',(-1.,-1.65211759616839E-16,0.));
#1811=DIRECTION('',(1.65211759616839E-16,-1.,0.));
#1812=DIRECTION('',(-1.65211759616839E-16,1.,0.));
#1813=DIRECTION('',(-1.,-1.65211759616839E-16,0.));
#1814=DIRECTION('',(0.,1.,0.));
#1815=DIRECTION('',(0.,0.,1.));
#1816=DIRECTION('',(0.,-1.,0.));
#1817=DIRECTION('',(0.,0.,-1.));
#1818=DIRECTION('',(-1.,-1.65211759616839E-16,0.));
#1819=DIRECTION('',(1.65211759616839E-16,-1.,0.));
#1820=DIRECTION('',(0.,0.,-1.));
#1821=DIRECTION('',(-1.,0.,0.));
#1822=DIRECTION('',(-1.,-1.65211759616839E-16,0.));
#1823=DIRECTION('',(1.65211759616839E-16,-1.,0.));
#1824=DIRECTION('',(0.,0.,-1.));
#1825=DIRECTION('',(-1.,0.,0.));
#1826=DIRECTION('',(0.,0.,-1.));
#1827=DIRECTION('',(-1.,0.,0.));
#1828=DIRECTION('',(0.,0.,-1.));
#1829=DIRECTION('',(-1.,0.,0.));
#1830=DIRECTION('',(-1.,-1.38777878078145E-16,0.));
#1831=DIRECTION('',(1.38777878078145E-16,-1.,0.));
#1832=DIRECTION('',(-1.,0.,0.));
#1833=DIRECTION('',(0.,0.,1.));
#1834=DIRECTION('',(1.,1.44560289664734E-16,0.));
#1835=DIRECTION('',(-1.44560289664734E-16,1.,0.));
#1836=DIRECTION('',(1.,1.38777878078145E-16,0.));
#1837=DIRECTION('',(-1.38777878078145E-16,1.,0.));
#1838=DIRECTION('',(-1.,0.,0.));
#1839=DIRECTION('',(0.,0.,1.));
#1840=DIRECTION('',(1.,1.44560289664734E-16,0.));
#1841=DIRECTION('',(-1.44560289664734E-16,1.,0.));
#1842=DIRECTION('',(0.,0.,1.));
#1843=DIRECTION('',(1.,0.,0.));
#1844=DIRECTION('',(0.,0.,-1.));
#1845=DIRECTION('',(-1.,0.,0.));
#1846=DIRECTION('',(1.38777878078145E-16,-1.,0.));
#1847=DIRECTION('',(1.,1.38777878078145E-16,0.));
#1848=DIRECTION('',(1.38777878078145E-16,-1.,0.));
#1849=DIRECTION('',(1.,1.38777878078145E-16,0.));
#1850=DIRECTION('',(1.38777878078145E-16,-1.,0.));
#1851=DIRECTION('',(1.,1.38777878078145E-16,0.));
#1852=DIRECTION('',(1.38777878078145E-16,-1.,0.));
#1853=DIRECTION('',(1.,1.38777878078145E-16,0.));
#1854=DIRECTION('',(1.65211759616839E-16,-1.,0.));
#1855=DIRECTION('',(1.,1.65211759616839E-16,0.));
#1856=DIRECTION('',(1.,1.65211759616839E-16,0.));
#1857=DIRECTION('',(-1.65211759616839E-16,1.,0.));
#1858=DIRECTION('',(-1.,0.,0.));
#1859=DIRECTION('',(0.,0.,1.));
#1860=DIRECTION('',(-1.,-1.65211759616839E-16,0.));
#1861=DIRECTION('',(1.65211759616839E-16,-1.,0.));
#1862=DIRECTION('',(-1.,0.,0.));
#1863=DIRECTION('',(0.,0.,1.));
#1864=DIRECTION('',(-1.,0.,0.));
#1865=DIRECTION('',(0.,0.,1.));
#1866=DIRECTION('',(-0.707106781186546,-0.707106781186549,0.));
#1867=DIRECTION('',(0.707106781186547,0.,-0.707106781186548));
#1868=DIRECTION('',(0.707106781186548,1.16822355556829E-16,0.707106781186547));
#1869=DIRECTION('',(1.65211759616839E-16,-1.,0.));
#1870=DIRECTION('',(0.707106781186547,0.,-0.707106781186548));
#1871=DIRECTION('',(0.707106781186548,-0.707106781186547,0.));
#1872=DIRECTION('',(0.,0.,1.));
#1873=DIRECTION('',(0.577350269189626,0.577350269189627,0.577350269189625));
#1874=DIRECTION('',(-1.,0.,0.));
#1875=DIRECTION('',(0.,0.,1.));
#1876=DIRECTION('',(0.707106781186546,-0.707106781186549,0.));
#1877=DIRECTION('',(-0.707106781186547,-0.707106781186549,0.));
#1878=DIRECTION('',(0.,0.,-1.));
#1879=DIRECTION('',(0.707106781186548,-0.707106781186547,0.));
#1880=DIRECTION('',(-0.707106781186548,0.707106781186547,0.));
#1881=DIRECTION('',(-9.81307786677358E-17,0.707106781186546,-0.707106781186549));
#1882=DIRECTION('',(-1.,-1.38777878078145E-16,0.));
#1883=DIRECTION('',(0.,0.707106781186549,0.707106781186546));
#1884=DIRECTION('',(-0.707106781186548,-0.707106781186547,0.));
#1885=DIRECTION('',(0.,0.,-1.));
#1886=DIRECTION('',(0.577350269189626,-0.577350269189627,0.577350269189625));
#1887=DIRECTION('',(1.,1.65211759616839E-16,0.));
#1888=DIRECTION('',(-1.65211759616839E-16,1.,0.));
#1889=DIRECTION('',(-0.707106781186548,-0.707106781186547,0.));
#1890=DIRECTION('',(0.577350269189627,-0.577350269189624,0.577350269189627));
#1891=DIRECTION('',(0.707106781186548,0.,-0.707106781186548));
#1892=DIRECTION('',(0.707106781186548,0.707106781186548,-2.5910892618297E-15));
#1893=DIRECTION('',(-0.707106781186548,0.,0.707106781186548));
#1894=DIRECTION('',(-1.,0.,0.));
#1895=DIRECTION('',(0.,0.,1.));
#1896=DIRECTION('',(0.707106781186548,0.,0.707106781186548));
#1897=DIRECTION('',(0.707106781186547,-0.707106781186548,0.));
#1898=DIRECTION('',(0.,0.,1.));
#1899=DIRECTION('',(-0.707106781186548,-0.707106781186547,0.));
#1900=DIRECTION('',(0.707106781186548,1.16822355556828E-16,0.707106781186548));
#1901=DIRECTION('',(1.65211759616839E-16,-1.,0.));
#1902=DIRECTION('',(0.707106781186548,1.64540693022728E-16,-0.707106781186548));
#1903=DIRECTION('',(-9.81307786677358E-17,0.707106781186546,0.707106781186549));
#1904=DIRECTION('',(1.,1.38777878078145E-16,0.));
#1905=DIRECTION('',(9.61481343191781E-17,-0.707106781186549,0.707106781186546));
#1906=DIRECTION('',(0.707106781186548,-0.707106781186548,0.));
#1907=DIRECTION('',(0.,0.,1.));
#1908=DIRECTION('',(-0.707106781186548,-0.707106781186548,0.));
#1909=DIRECTION('',(-0.707106781186548,-1.16822355556828E-16,0.707106781186548));
#1910=DIRECTION('',(-1.65211759616839E-16,1.,0.));
#1911=DIRECTION('',(-0.707106781186548,2.30755522366028E-15,-0.707106781186548));
#1912=DIRECTION('',(-1.,0.,0.));
#1913=DIRECTION('',(0.,0.,1.));
#1914=DIRECTION('',(-0.707106781186549,0.,-0.707106781186546));
#1915=DIRECTION('',(0.577350269189626,0.577350269189625,0.577350269189627));
#1916=DIRECTION('',(0.707106781186548,0.,-0.707106781186548));
#1917=DIRECTION('',(0.707106781186548,-0.707106781186548,-2.31552626634446E-15));
#1918=DIRECTION('',(0.577350269189625,-0.577350269189625,-0.577350269189627));
#1919=DIRECTION('',(-0.707106781186549,0.,-0.707106781186546));
#1920=DIRECTION('',(1.92296268638356E-16,0.707106781186549,-0.707106781186546));
#1921=DIRECTION('',(-0.707106781186548,-1.16822355556828E-16,0.707106781186548));
#1922=DIRECTION('',(-1.65211759616839E-16,1.,0.));
#1923=DIRECTION('',(0.707106781186548,-2.59599962661781E-15,0.707106781186548));
#1924=DIRECTION('',(-0.707106781186548,-0.707106781186548,0.));
#1925=DIRECTION('',(0.,0.,-1.));
#1926=DIRECTION('',(-0.707106781186548,0.707106781186548,0.));
#1927=DIRECTION('',(9.81307786677358E-17,-0.707106781186546,-0.707106781186549));
#1928=DIRECTION('',(1.,1.38777878078145E-16,0.));
#1929=DIRECTION('',(-0.577350269189626,-0.577350269189627,0.577350269189625));
#1930=DIRECTION('',(0.577350269189627,0.577350269189627,-0.577350269189624));
#1931=DIRECTION('',(-0.707106781186548,0.707106781186548,0.));
#1932=DIRECTION('',(2.59599962661781E-15,-0.707106781186548,-0.707106781186548));
#1933=DIRECTION('',(0.707106781186548,-0.707106781186547,0.));
#1934=DIRECTION('',(0.,0.,-1.));
#1935=DIRECTION('',(-0.577350269189626,-0.577350269189626,-0.577350269189626));
#1936=DIRECTION('',(9.81307786677359E-17,-0.707106781186548,0.707106781186548));
#1937=DIRECTION('',(-1.,-1.38777878078145E-16,0.));
#1938=DIRECTION('',(0.577350269189626,-0.577350269189626,-0.577350269189626));
#1939=DIRECTION('',(0.707106781186548,3.65069861115089E-17,-0.707106781186547));
#1940=DIRECTION('',(-5.16286748802621E-17,1.,0.));
#1941=DIRECTION('',(-0.707106781186547,1.23903709934807E-16,-0.707106781186548));
#1942=DIRECTION('',(-0.707106781186548,-0.707106781186547,0.));
#1943=DIRECTION('',(0.,0.,1.));
#1944=DIRECTION('',(-0.707106781186547,0.707106781186548,-1.4610817042731E-15));
#1945=DIRECTION('',(0.577350269189627,0.577350269189625,-0.577350269189626));
#1946=DIRECTION('',(-0.707106781186547,0.,-0.707106781186548));
#1947=DIRECTION('',(1.64540693022727E-16,0.707106781186548,0.707106781186547));
#1948=DIRECTION('',(0.707106781186548,0.707106781186548,0.));
#1949=DIRECTION('',(0.,0.,1.));
#1950=DIRECTION('',(0.577350269189626,-0.577350269189626,0.577350269189626));
#1951=DIRECTION('',(-0.577350269189626,0.577350269189626,0.577350269189626));
#1952=DIRECTION('',(0.707106781186547,0.,0.707106781186548));
#1953=DIRECTION('',(0.,-1.,0.));
#1954=DIRECTION('',(0.707106781186548,-2.56824405100219E-15,-0.707106781186547));
#1955=DIRECTION('',(-9.81307786677359E-17,0.707106781186547,-0.707106781186548));
#1956=DIRECTION('',(1.,1.38777878078145E-16,0.));
#1957=DIRECTION('',(3.68138467974441E-15,-0.707106781186548,-0.707106781186547));
#1958=DIRECTION('',(9.81307786677359E-17,-0.707106781186548,-0.707106781186548));
#1959=DIRECTION('',(1.,1.38777878078145E-16,0.));
#1960=DIRECTION('',(0.,-0.707106781186548,0.707106781186548));
#1961=DIRECTION('',(-0.577350269189625,0.577350269189624,-0.577350269189628));
#1962=DIRECTION('',(-0.707106781186549,0.,0.707106781186546));
#1963=DIRECTION('',(0.707106781186548,0.707106781186548,-1.80074345597112E-15));
#1964=DIRECTION('',(-0.577350269189626,-0.577350269189626,-0.577350269189626));
#1965=DIRECTION('',(-0.707106781186548,0.,0.707106781186548));
#1966=DIRECTION('',(0.707106781186548,0.,-0.707106781186548));
#1967=DIRECTION('',(0.707106781186548,-0.707106781186548,0.));
#1968=DIRECTION('',(-0.707106781186548,0.707106781186548,0.));
#1969=DIRECTION('',(0.,0.,-1.));
#1970=DIRECTION('',(-0.577350269189626,-0.577350269189626,-0.577350269189626));
#1971=DIRECTION('',(0.707106781186548,0.707106781186548,0.));
#1972=DIRECTION('',(0.,0.,-1.));
#1973=DIRECTION('',(-0.668437364783192,0.668437364783192,-0.326164036526722));
#1974=DIRECTION('',(-0.707106781186548,-1.16822355556828E-16,-0.707106781186548));
#1975=DIRECTION('',(1.65211759616839E-16,-1.,0.));
#1976=DIRECTION('',(-0.707106781186548,-2.30755522366028E-15,0.707106781186548));
#1977=DIRECTION('',(9.81307786677359E-17,-0.707106781186548,0.707106781186548));
#1978=DIRECTION('',(-1.,-1.38777878078145E-16,0.));
#1979=DIRECTION('',(0.,0.707106781186548,0.707106781186548));
#1980=DIRECTION('',(0.707106781186548,0.707106781186548,0.));
#1981=DIRECTION('',(0.,0.,-1.));
#1982=DIRECTION('',(0.707106781186548,-0.707106781186548,2.44856981524173E-15));
#1983=DIRECTION('',(0.707106781186548,-0.707106781186548,0.));
#1984=DIRECTION('',(-7.24501493278871E-17,0.438529009653517,0.898717034272916));
#1985=DIRECTION('',(-1.,-1.65211759616839E-16,0.));
#1986=DIRECTION('',(1.96285870192983E-15,0.898717034272916,-0.438529009653517));
#1987=DIRECTION('',(-0.577350269189627,0.577350269189625,-0.577350269189625));
#1988=DIRECTION('',(-0.707106781186546,0.,0.707106781186549));
#1989=DIRECTION('',(0.707106781186546,0.707106781186549,1.83708663656829E-16));
#1990=DIRECTION('',(1.,0.,0.));
#1991=DIRECTION('',(0.,0.,-1.));
#1992=DIRECTION('',(0.707106781186548,0.,0.707106781186548));
#1993=DIRECTION('',(-0.401609664451248,-0.40160966445125,-0.823054891753102));
#1994=DIRECTION('',(0.,0.898717034272917,-0.438529009653516));
#1995=DIRECTION('',(-0.707106781186548,-0.435142634576338,0.557360644084209));
#1996=DIRECTION('',(-0.707106781186549,0.707106781186546,0.));
#1997=DIRECTION('',(0.,0.,1.));
#1998=DIRECTION('',(-0.668437364783192,-0.668437364783194,-0.326164036526717));
#1999=DIRECTION('',(0.707106781186548,1.16822355556828E-16,-0.707106781186548));
#2000=DIRECTION('',(-1.65211759616839E-16,1.,0.));
#2001=DIRECTION('',(0.707106781186548,0.,0.707106781186548));
#2002=DIRECTION('',(-1.,-1.65211759616839E-16,0.));
#2003=DIRECTION('',(1.65211759616839E-16,-1.,0.));
#2004=DIRECTION('',(0.707106781186548,-0.435142634576338,-0.557360644084209));
#2005=DIRECTION('',(7.2450149327886E-17,-0.43852900965351,0.89871703427292));
#2006=DIRECTION('',(-1.,-1.65211759616839E-16,0.));
#2007=DIRECTION('',(4.14664955638756E-15,0.89871703427292,0.43852900965351));
#2008=DIRECTION('',(1.,0.,0.));
#2009=DIRECTION('',(0.,0.,-1.));
#2010=DIRECTION('',(0.707106781186548,0.707106781186548,0.));
#2011=DIRECTION('',(-0.401609664451251,0.401609664451246,-0.823054891753103));
#2012=DIRECTION('',(-0.898717034272917,0.,0.438529009653516));
#2013=DIRECTION('',(0.707106781186548,0.707106781186548,-4.25724160105739E-15));
#2014=DIRECTION('',(-0.707106781186548,0.707106781186548,0.));
#2015=DIRECTION('',(0.,0.,1.));
#2016=CARTESIAN_POINT('',(0.,0.,0.));
#2017=CARTESIAN_POINT('',(-0.0771457693840997,0.01,0.038));
#2018=CARTESIAN_POINT('',(0.015,0.01,0.038));
#2019=CARTESIAN_POINT('',(0.015,0.01165,0.038));
#2020=CARTESIAN_POINT('',(0.008,0.01,0.038));
#2021=CARTESIAN_POINT('',(0.008,0.00835,0.038));
#2022=CARTESIAN_POINT('',(-0.0771457693840997,-0.01,0.038));
#2023=CARTESIAN_POINT('',(0.015,-0.01,0.038));
#2024=CARTESIAN_POINT('',(0.015,-0.00835,0.038));
#2025=CARTESIAN_POINT('',(0.008,-0.01,0.038));
#2026=CARTESIAN_POINT('',(0.008,-0.01165,0.038));
#2027=CARTESIAN_POINT('',(0.015,0.,0.059));
#2028=CARTESIAN_POINT('',(0.015,0.,0.017));
#2029=CARTESIAN_POINT('',(0.015,-0.02,0.017));
#2030=CARTESIAN_POINT('',(0.015,0.02,0.017));
#2031=CARTESIAN_POINT('',(0.015,0.02,0.059));
#2032=CARTESIAN_POINT('',(0.015,0.02,0.051));
#2033=CARTESIAN_POINT('',(0.015,0.013,0.051));
#2034=CARTESIAN_POINT('',(0.015,0.013,0.058));
#2035=CARTESIAN_POINT('',(0.015,-0.013,0.058));
#2036=CARTESIAN_POINT('',(0.015,-0.013,0.058));
#2037=CARTESIAN_POINT('',(0.015,-0.013,0.051));
#2038=CARTESIAN_POINT('',(0.015,-0.02,0.051));
#2039=CARTESIAN_POINT('',(0.015,-0.02,0.017));
#2040=CARTESIAN_POINT('',(0.005,0.,0.059));
#2041=CARTESIAN_POINT('',(0.005,0.0165,0.017));
#2042=CARTESIAN_POINT('',(0.005,0.0165,0.051));
#2043=CARTESIAN_POINT('',(0.005,0.0165,0.0215));
#2044=CARTESIAN_POINT('',(0.005,-0.021,0.0215));
#2045=CARTESIAN_POINT('',(0.005,-0.0165,0.0215));
#2046=CARTESIAN_POINT('',(0.005,-0.0165,0.059));
#2047=CARTESIAN_POINT('',(0.005,-0.0165,0.051));
#2048=CARTESIAN_POINT('',(0.005,-0.013,0.051));
#2049=CARTESIAN_POINT('',(0.005,-0.013,0.0545));
#2050=CARTESIAN_POINT('',(0.005,0.,0.0545));
#2051=CARTESIAN_POINT('',(0.005,0.013,0.0545));
#2052=CARTESIAN_POINT('',(0.005,0.013,0.051));
#2053=CARTESIAN_POINT('',(0.005,-0.01,0.038));
#2054=CARTESIAN_POINT('',(0.005,-0.013,0.038));
#2055=CARTESIAN_POINT('',(0.005,0.01,0.038));
#2056=CARTESIAN_POINT('',(0.005,0.007,0.038));
#2057=CARTESIAN_POINT('',(0.,6.93889390390723E-18,0.017));
#2058=CARTESIAN_POINT('',(-0.025,0.0165,0.017));
#2059=CARTESIAN_POINT('',(0.0005,0.0165,0.017));
#2060=CARTESIAN_POINT('',(-0.024,0.0165,0.017));
#2061=CARTESIAN_POINT('',(-0.024,2.9738116731031E-18,0.017));
#2062=CARTESIAN_POINT('',(-0.024,-0.0165,0.017));
#2063=CARTESIAN_POINT('',(2.28983498828939E-18,-0.0165,0.017));
#2064=CARTESIAN_POINT('',(0.0005,-0.0165,0.017));
#2065=CARTESIAN_POINT('',(0.0005,0.021,0.017));
#2066=CARTESIAN_POINT('',(0.001,6.93889390390723E-18,-0.006));
#2067=CARTESIAN_POINT('',(0.001,6.93889390390723E-18,0.));
#2068=CARTESIAN_POINT('',(0.001,-0.01,0.));
#2069=CARTESIAN_POINT('',(0.001,-0.02,0.));
#2070=CARTESIAN_POINT('',(0.001,-0.02,-0.006));
#2071=CARTESIAN_POINT('',(0.001,-0.02,-0.005));
#2072=CARTESIAN_POINT('',(0.001,0.021,-0.005));
#2073=CARTESIAN_POINT('',(0.001,0.02,-0.005));
#2074=CARTESIAN_POINT('',(0.001,0.02,-0.006));
#2075=CARTESIAN_POINT('',(0.001,0.02,0.));
#2076=CARTESIAN_POINT('',(0.001,6.93889390390723E-18,0.));
#2077=CARTESIAN_POINT('',(0.001,0.01,0.));
#2078=CARTESIAN_POINT('',(0.001,0.01,0.0045));
#2079=CARTESIAN_POINT('',(0.001,0.0055,0.0045));
#2080=CARTESIAN_POINT('',(0.001,0.0055,0.002275));
#2081=CARTESIAN_POINT('',(0.001,0.0055,0.00455));
#2082=CARTESIAN_POINT('',(0.001,3.71726459137889E-19,0.00455));
#2083=CARTESIAN_POINT('',(0.001,-0.0055,0.00455));
#2084=CARTESIAN_POINT('',(0.001,-0.0055,0.002275));
#2085=CARTESIAN_POINT('',(0.001,-0.0055,0.0045));
#2086=CARTESIAN_POINT('',(0.001,-0.01,0.0045));
#2087=CARTESIAN_POINT('',(0.0517414957226839,8.40374326388701E-18,0.00455));
#2088=CARTESIAN_POINT('',(-0.0175,-3.03576608295941E-18,0.00455));
#2089=CARTESIAN_POINT('',(-0.0175,-0.00315,0.00455));
#2090=CARTESIAN_POINT('',(-0.00555,-3.17516350513612E-19,0.00455));
#2091=CARTESIAN_POINT('',(-0.00555,-0.00315,0.00455));
#2092=CARTESIAN_POINT('',(0.,6.93889390390723E-18,0.));
#2093=CARTESIAN_POINT('',(-2.77555756156289E-18,0.02,0.));
#2094=CARTESIAN_POINT('',(0.024,0.02,0.));
#2095=CARTESIAN_POINT('',(0.024,1.09039761347114E-17,0.));
#2096=CARTESIAN_POINT('',(0.024,0.01,0.));
#2097=CARTESIAN_POINT('',(0.001,0.01,0.));
#2098=CARTESIAN_POINT('',(3.46944695195361E-18,-0.021,0.017));
#2099=CARTESIAN_POINT('',(3.46944695195361E-18,-0.021,0.0125));
#2100=CARTESIAN_POINT('',(0.0005,-0.021,0.0125));
#2101=CARTESIAN_POINT('',(-0.024,-0.021,0.0125));
#2102=CARTESIAN_POINT('',(-0.024,-0.021,0.017));
#2103=CARTESIAN_POINT('',(-0.024,-0.021,0.005167376914899));
#2104=CARTESIAN_POINT('',(-0.0175,-0.021,0.005167376914899));
#2105=CARTESIAN_POINT('',(-0.0165,-0.021,0.005167376914899));
#2106=CARTESIAN_POINT('',(-0.0165,-0.021,0.017));
#2107=CARTESIAN_POINT('',(-0.0165,-0.021,0.001));
#2108=CARTESIAN_POINT('',(-0.0135,-0.021,0.001));
#2109=CARTESIAN_POINT('',(-0.0125,-0.021,0.001));
#2110=CARTESIAN_POINT('',(-0.0125,-0.021,0.017));
#2111=CARTESIAN_POINT('',(-0.0125,-0.021,-0.006));
#2112=CARTESIAN_POINT('',(3.46944695195361E-18,-0.021,-0.006));
#2113=CARTESIAN_POINT('',(2.16840434497101E-19,-0.021,-0.006));
#2114=CARTESIAN_POINT('',(2.16840434497101E-19,-0.021,0.));
#2115=CARTESIAN_POINT('',(2.16840434497101E-19,-0.021,0.001));
#2116=CARTESIAN_POINT('',(0.025,-0.021,0.001));
#2117=CARTESIAN_POINT('',(0.024,-0.021,0.001));
#2118=CARTESIAN_POINT('',(0.024,-0.021,0.017));
#2119=CARTESIAN_POINT('',(0.024,-0.021,0.016));
#2120=CARTESIAN_POINT('',(3.46944695195361E-18,-0.021,0.016));
#2121=CARTESIAN_POINT('',(0.014,-0.021,0.016));
#2122=CARTESIAN_POINT('',(0.014,-0.021,0.051));
#2123=CARTESIAN_POINT('',(0.014,-0.021,0.051));
#2124=CARTESIAN_POINT('',(3.46944695195361E-18,-0.021,0.051));
#2125=CARTESIAN_POINT('',(0.0095,-0.021,0.051));
#2126=CARTESIAN_POINT('',(0.0095,-0.021,0.017));
#2127=CARTESIAN_POINT('',(0.0095,-0.021,0.0215));
#2128=CARTESIAN_POINT('',(0.0005,-0.021,0.0215));
#2129=CARTESIAN_POINT('',(0.,6.93889390390723E-18,0.));
#2130=CARTESIAN_POINT('',(1.65211759616839E-18,-0.01,0.));
#2131=CARTESIAN_POINT('',(0.024,-0.01,0.));
#2132=CARTESIAN_POINT('',(0.024,1.09039761347114E-17,0.));
#2133=CARTESIAN_POINT('',(0.024,-0.02,0.));
#2134=CARTESIAN_POINT('',(0.001,-0.02,0.));
#2135=CARTESIAN_POINT('',(0.025,6.93889390390723E-18,0.017));
#2136=CARTESIAN_POINT('',(0.025,6.93889390390723E-18,0.001));
#2137=CARTESIAN_POINT('',(0.025,-0.02,0.001));
#2138=CARTESIAN_POINT('',(0.025,-0.01,0.001));
#2139=CARTESIAN_POINT('',(0.025,-0.01,0.0045));
#2140=CARTESIAN_POINT('',(0.025,-0.0065,0.0045));
#2141=CARTESIAN_POINT('',(0.025,-0.0065,0.017));
#2142=CARTESIAN_POINT('',(0.025,-0.0065,0.00455));
#2143=CARTESIAN_POINT('',(0.025,4.33680868994202E-18,0.00455));
#2144=CARTESIAN_POINT('',(0.025,0.0065,0.00455));
#2145=CARTESIAN_POINT('',(0.025,0.0065,0.0045));
#2146=CARTESIAN_POINT('',(0.025,0.0065,0.0045));
#2147=CARTESIAN_POINT('',(0.025,0.01,0.0045));
#2148=CARTESIAN_POINT('',(0.025,0.01,0.001));
#2149=CARTESIAN_POINT('',(0.025,6.93889390390723E-18,0.001));
#2150=CARTESIAN_POINT('',(0.025,0.02,0.001));
#2151=CARTESIAN_POINT('',(0.025,0.02,0.017));
#2152=CARTESIAN_POINT('',(0.025,0.02,0.016));
#2153=CARTESIAN_POINT('',(0.025,-0.021,0.016));
#2154=CARTESIAN_POINT('',(0.025,-0.02,0.016));
#2155=CARTESIAN_POINT('',(0.025,-0.02,0.));
#2156=CARTESIAN_POINT('',(-3.46944695195361E-18,0.021,0.017));
#2157=CARTESIAN_POINT('',(-3.09806659408051E-18,0.021,0.00516737691489898));
#2158=CARTESIAN_POINT('',(-0.0165,0.021,0.00516737691489898));
#2159=CARTESIAN_POINT('',(-0.024,0.021,0.00516737691489898));
#2160=CARTESIAN_POINT('',(-0.024,0.021,0.0125));
#2161=CARTESIAN_POINT('',(-0.024,0.021,0.0125));
#2162=CARTESIAN_POINT('',(0.005,0.021,0.0125));
#2163=CARTESIAN_POINT('',(0.0005,0.021,0.0125));
#2164=CARTESIAN_POINT('',(0.0005,0.021,0.0215));
#2165=CARTESIAN_POINT('',(0.0095,0.021,0.0215));
#2166=CARTESIAN_POINT('',(0.0095,0.021,0.051));
#2167=CARTESIAN_POINT('',(0.0095,0.021,0.051));
#2168=CARTESIAN_POINT('',(0.015,0.021,0.051));
#2169=CARTESIAN_POINT('',(0.014,0.021,0.051));
#2170=CARTESIAN_POINT('',(0.014,0.021,0.017));
#2171=CARTESIAN_POINT('',(0.014,0.021,0.016));
#2172=CARTESIAN_POINT('',(0.025,0.021,0.016));
#2173=CARTESIAN_POINT('',(0.024,0.021,0.016));
#2174=CARTESIAN_POINT('',(0.024,0.021,0.017));
#2175=CARTESIAN_POINT('',(0.024,0.021,0.001));
#2176=CARTESIAN_POINT('',(-3.46944695195361E-18,0.021,0.001));
#2177=CARTESIAN_POINT('',(-1.96344632842241E-18,0.021,0.001));
#2178=CARTESIAN_POINT('',(-1.96344632842241E-18,0.021,0.017));
#2179=CARTESIAN_POINT('',(-1.96344632842241E-18,0.021,-0.005));
#2180=CARTESIAN_POINT('',(-0.0135,0.021,-0.005));
#2181=CARTESIAN_POINT('',(-0.0125,0.021,-0.005));
#2182=CARTESIAN_POINT('',(-0.0125,0.021,0.));
#2183=CARTESIAN_POINT('',(-0.0125,0.021,0.001));
#2184=CARTESIAN_POINT('',(-3.46944695195361E-18,0.021,0.001));
#2185=CARTESIAN_POINT('',(-0.0165,0.021,0.001));
#2186=CARTESIAN_POINT('',(-0.0165,0.021,0.00302871376374779));
#2187=CARTESIAN_POINT('',(-0.025,0.,0.017));
#2188=CARTESIAN_POINT('',(-0.025,0.0165,0.0125));
#2189=CARTESIAN_POINT('',(-0.025,0.0165,0.016));
#2190=CARTESIAN_POINT('',(-0.025,0.02,0.0125));
#2191=CARTESIAN_POINT('',(-0.025,0.02,0.00302871376374779));
#2192=CARTESIAN_POINT('',(-0.025,0.02,0.00516737691489898));
#2193=CARTESIAN_POINT('',(-0.025,-6.93889390390723E-18,-0.02045));
#2194=CARTESIAN_POINT('',(-0.025,-0.02,0.005167376914899));
#2195=CARTESIAN_POINT('',(-0.025,-0.02,0.017));
#2196=CARTESIAN_POINT('',(-0.025,-0.02,0.0125));
#2197=CARTESIAN_POINT('',(-0.025,-0.0165,0.0125));
#2198=CARTESIAN_POINT('',(-0.025,-0.0165,0.016));
#2199=CARTESIAN_POINT('',(-0.025,0.,0.016));
#2200=CARTESIAN_POINT('',(0.,6.93889390390723E-18,0.017));
#2201=CARTESIAN_POINT('',(0.024,0.021,0.017));
#2202=CARTESIAN_POINT('',(0.024,-0.02,0.017));
#2203=CARTESIAN_POINT('',(0.024,0.02,0.017));
#2204=CARTESIAN_POINT('',(0.015,0.02,0.017));
#2205=CARTESIAN_POINT('',(2.77555756156289E-18,-0.02,0.017));
#2206=CARTESIAN_POINT('',(0.,6.93889390390723E-18,0.));
#2207=CARTESIAN_POINT('',(-0.0135,3.46944695195361E-18,0.));
#2208=CARTESIAN_POINT('',(-0.0135,0.02,0.));
#2209=CARTESIAN_POINT('',(-0.0135,-0.02,0.));
#2210=CARTESIAN_POINT('',(-0.0175,-0.02,0.));
#2211=CARTESIAN_POINT('',(-0.0165,-0.02,0.));
#2212=CARTESIAN_POINT('',(-0.0165,0.021,0.));
#2213=CARTESIAN_POINT('',(-0.0165,0.02,0.));
#2214=CARTESIAN_POINT('',(-2.77555756156289E-18,0.02,0.));
#2215=CARTESIAN_POINT('',(-0.0135,3.46944695195361E-18,-0.006));
#2216=CARTESIAN_POINT('',(-0.0135,3.46944695195361E-18,-0.005));
#2217=CARTESIAN_POINT('',(-0.0135,0.02,-0.005));
#2218=CARTESIAN_POINT('',(-0.0135,-0.02,-0.005));
#2219=CARTESIAN_POINT('',(-0.0135,-0.02,-0.006));
#2220=CARTESIAN_POINT('',(-0.0135,0.02,-0.006));
#2221=CARTESIAN_POINT('',(0.,6.93889390390723E-18,-0.006));
#2222=CARTESIAN_POINT('',(0.001,0.02,-0.006));
#2223=CARTESIAN_POINT('',(-0.0125,0.02,-0.006));
#2224=CARTESIAN_POINT('',(-1.89993523559365E-18,0.02,-0.006));
#2225=CARTESIAN_POINT('',(2.16840434497101E-19,-0.021,-0.006));
#2226=CARTESIAN_POINT('',(-0.0125,6.93889390390723E-18,-0.006));
#2227=CARTESIAN_POINT('',(-0.0175,-5.69980570678094E-18,-0.02045));
#2228=CARTESIAN_POINT('',(-0.024,-6.77368214429039E-18,-0.02045));
#2229=CARTESIAN_POINT('',(-0.024,-0.0193846153846154,0.00437914993290211));
#2230=CARTESIAN_POINT('',(-0.024,0.0193846153846154,0.00437914993290209));
#2231=CARTESIAN_POINT('',(-0.0175,0.0193846153846154,0.00437914993290209));
#2232=CARTESIAN_POINT('',(-0.0175,0.0193846153846154,0.00437914993290209));
#2233=CARTESIAN_POINT('',(-0.0175,-5.69980570678094E-18,-0.02045));
#2234=CARTESIAN_POINT('',(-0.0175,-0.0193846153846154,0.00437914993290211));
#2235=CARTESIAN_POINT('',(-0.0175,-0.0193846153846154,0.00437914993290211));
#2236=CARTESIAN_POINT('',(-0.0175,-2.89120579329468E-18,-0.017475));
#2237=CARTESIAN_POINT('',(-0.0175,0.021,0.00516737691489898));
#2238=CARTESIAN_POINT('',(-0.0175,0.02,0.00467942687842472));
#2239=CARTESIAN_POINT('',(-0.0175,0.02,0.));
#2240=CARTESIAN_POINT('',(-0.0175,0.02,0.001));
#2241=CARTESIAN_POINT('',(-0.0175,-0.021,0.001));
#2242=CARTESIAN_POINT('',(-0.0175,-0.02,0.001));
#2243=CARTESIAN_POINT('',(-0.0175,-0.02,-0.017475));
#2244=CARTESIAN_POINT('',(-0.0175,-0.02,0.00467942687842473));
#2245=CARTESIAN_POINT('',(-0.0175,-0.0193846153846154,0.00437914993290211));
#2246=CARTESIAN_POINT('',(0.000998,3.71396035618655E-19,0.00455));
#2247=CARTESIAN_POINT('',(0.000998,0.0055,0.00455));
#2248=CARTESIAN_POINT('',(0.024,0.0055,0.00455));
#2249=CARTESIAN_POINT('',(0.024,4.17159693032518E-18,0.00455));
#2250=CARTESIAN_POINT('',(0.024,-0.0055,0.00455));
#2251=CARTESIAN_POINT('',(0.000998,-0.0055,0.00455));
#2252=CARTESIAN_POINT('',(-0.00555,3.35586386721715E-20,0.00455));
#2253=CARTESIAN_POINT('',(-0.00555,-0.0055,0.00455));
#2254=CARTESIAN_POINT('',(0.000998,0.0055,0.002275));
#2255=CARTESIAN_POINT('',(0.025,0.0055,0.0045));
#2256=CARTESIAN_POINT('',(0.024,0.0055,0.0045));
#2257=CARTESIAN_POINT('',(0.024,0.0055,0.00455));
#2258=CARTESIAN_POINT('',(0.000998,-0.0055,0.002275));
#2259=CARTESIAN_POINT('',(0.024,-0.0055,0.002275));
#2260=CARTESIAN_POINT('',(0.024,-0.0055,0.0045));
#2261=CARTESIAN_POINT('',(0.000998,-0.0055,0.0045));
#2262=CARTESIAN_POINT('',(-0.00555,6.65235475832177E-18,0.002025));
#2263=CARTESIAN_POINT('',(0.,6.93889390390723E-18,0.059));
#2264=CARTESIAN_POINT('',(1.80411241501588E-18,-0.013,0.059));
#2265=CARTESIAN_POINT('',(0.0095,-0.013,0.059));
#2266=CARTESIAN_POINT('',(0.014,-0.013,0.059));
#2267=CARTESIAN_POINT('',(0.014,0.013,0.059));
#2268=CARTESIAN_POINT('',(0.014,0.013,0.059));
#2269=CARTESIAN_POINT('',(0.005,0.013,0.059));
#2270=CARTESIAN_POINT('',(0.0095,0.013,0.059));
#2271=CARTESIAN_POINT('',(0.0095,8.5084056202672E-18,0.059));
#2272=CARTESIAN_POINT('',(0.008,8.26058798084194E-18,0.038));
#2273=CARTESIAN_POINT('',(0.008,-0.01,0.038));
#2274=CARTESIAN_POINT('',(0.008,-0.013,0.038));
#2275=CARTESIAN_POINT('',(0.008,-0.01,0.038));
#2276=CARTESIAN_POINT('',(0.008,0.01,0.038));
#2277=CARTESIAN_POINT('',(0.008,0.01,0.038));
#2278=CARTESIAN_POINT('',(0.008,0.007,0.038));
#2279=CARTESIAN_POINT('',(0.008,8.26058798084194E-18,0.038));
#2280=CARTESIAN_POINT('',(-1.80411241501588E-18,0.013,0.051));
#2281=CARTESIAN_POINT('',(0.014,0.013,0.051));
#2282=CARTESIAN_POINT('',(0.0095,0.013,0.051));
#2283=CARTESIAN_POINT('',(2.35922392732846E-18,-0.013,0.051));
#2284=CARTESIAN_POINT('',(0.014,-0.013,0.051));
#2285=CARTESIAN_POINT('',(0.0095,-0.013,0.051));
#2286=CARTESIAN_POINT('',(0.0095,7.43452918275774E-19,0.0545));
#2287=CARTESIAN_POINT('',(0.0095,0.013,0.0545));
#2288=CARTESIAN_POINT('',(0.0095,-0.013,0.0545));
#2289=CARTESIAN_POINT('',(0.0095,-0.013,0.051));
#2290=CARTESIAN_POINT('',(0.0095,-0.0165,0.051));
#2291=CARTESIAN_POINT('',(0.0095,0.013,0.051));
#2292=CARTESIAN_POINT('',(0.0095,0.0165,0.051));
#2293=CARTESIAN_POINT('',(0.0095,-0.0165,0.017));
#2294=CARTESIAN_POINT('',(0.0095,-0.0165,0.0215));
#2295=CARTESIAN_POINT('',(2.84494650060196E-18,-0.0165,0.0125));
#2296=CARTESIAN_POINT('',(-0.024,-0.0165,0.0125));
#2297=CARTESIAN_POINT('',(0.0005,-0.0165,0.0125));
#2298=CARTESIAN_POINT('',(-2.28983498828939E-18,0.0165,0.0125));
#2299=CARTESIAN_POINT('',(-0.024,0.0165,0.0125));
#2300=CARTESIAN_POINT('',(0.0005,0.0165,0.0125));
#2301=CARTESIAN_POINT('',(0.0095,0.0165,0.059));
#2302=CARTESIAN_POINT('',(0.0095,0.0165,0.0215));
#2303=CARTESIAN_POINT('',(0.0005,-0.0165,0.0215));
#2304=CARTESIAN_POINT('',(0.0005,-0.0165,0.0215));
#2305=CARTESIAN_POINT('',(0.0005,0.0165,0.0215));
#2306=CARTESIAN_POINT('',(0.0005,0.0165,0.0215));
#2307=CARTESIAN_POINT('',(0.0005,7.02149978371565E-18,0.0215));
#2308=CARTESIAN_POINT('',(1.65211759616839E-18,-0.01,0.0045));
#2309=CARTESIAN_POINT('',(0.024,-0.01,0.0045));
#2310=CARTESIAN_POINT('',(0.000998,0.01,0.0045));
#2311=CARTESIAN_POINT('',(0.024,0.01,0.0045));
#2312=CARTESIAN_POINT('',(0.015,-0.013,0.051));
#2313=CARTESIAN_POINT('',(0.015,-0.02,0.051));
#2314=CARTESIAN_POINT('',(0.014,-0.013,0.059));
#2315=CARTESIAN_POINT('',(0.014,9.25185853854297E-18,0.059));
#2316=CARTESIAN_POINT('',(0.014,0.013,0.059));
#2317=CARTESIAN_POINT('',(0.015,-0.02,0.059));
#2318=CARTESIAN_POINT('',(0.029,-0.006,0.031));
#2319=CARTESIAN_POINT('',(0.015,0.013,0.051));
#2320=CARTESIAN_POINT('',(0.014,0.021,0.051));
#2321=CARTESIAN_POINT('',(0.024,-0.0055,0.002275));
#2322=CARTESIAN_POINT('',(0.024,-0.0055,0.0045));
#2323=CARTESIAN_POINT('',(0.025,-0.0065,0.00455));
#2324=CARTESIAN_POINT('',(3.46944695195361E-18,-0.021,0.016));
#2325=CARTESIAN_POINT('',(0.024,-0.02,0.017));
#2326=CARTESIAN_POINT('',(0.014,0.021,0.017));
#2327=CARTESIAN_POINT('',(0.01,0.025,0.012));
#2328=CARTESIAN_POINT('',(0.024,4.17159693032518E-18,0.00455));
#2329=CARTESIAN_POINT('',(0.025,0.0065,0.00455));
#2330=CARTESIAN_POINT('',(0.024,-0.02,0.017));
#2331=CARTESIAN_POINT('',(0.0245,-0.0205,0.016));
#2332=CARTESIAN_POINT('',(0.024,-0.02,0.017));
#2333=CARTESIAN_POINT('',(0.025,-0.01,0.0045));
#2334=CARTESIAN_POINT('',(0.024,-0.01,0.));
#2335=CARTESIAN_POINT('',(0.025,0.0065,0.017));
#2336=CARTESIAN_POINT('',(0.025,0.0065,0.0045));
#2337=CARTESIAN_POINT('',(0.024,1.09039761347114E-17,0.017));
#2338=CARTESIAN_POINT('',(0.0245,0.02,0.0165));
#2339=CARTESIAN_POINT('',(-2.77555756156289E-18,0.02,0.017));
#2340=CARTESIAN_POINT('',(0.024,0.021,0.016));
#2341=CARTESIAN_POINT('',(0.025,-0.02,0.017));
#2342=CARTESIAN_POINT('',(0.0245,-0.0205,0.001));
#2343=CARTESIAN_POINT('',(0.025,6.93889390390723E-18,0.001));
#2344=CARTESIAN_POINT('',(0.024,-0.02,0.));
#2345=CARTESIAN_POINT('',(0.025,0.01,0.0045));
#2346=CARTESIAN_POINT('',(0.025,0.01,0.001));
#2347=CARTESIAN_POINT('',(0.024,0.021,0.016));
#2348=CARTESIAN_POINT('',(0.024,0.021,0.016));
#2349=CARTESIAN_POINT('',(0.024,-0.02,0.));
#2350=CARTESIAN_POINT('',(0.024,-0.02,-6.93889390390722E-20));
#2351=CARTESIAN_POINT('',(0.025,6.93889390390723E-18,0.001));
#2352=CARTESIAN_POINT('',(0.025,0.02,0.001));
#2353=CARTESIAN_POINT('',(0.024,0.021,0.017));
#2354=CARTESIAN_POINT('',(0.025,0.02,0.001));
#2355=CARTESIAN_POINT('',(2.77555756156289E-18,-0.02,0.));
#2356=CARTESIAN_POINT('',(0.00066666666666667,-0.0203333333333334,0.000333333333333334));
#2357=CARTESIAN_POINT('',(0.025,0.02,0.001));
#2358=CARTESIAN_POINT('',(0.024,0.0205,0.0005));
#2359=CARTESIAN_POINT('',(2.16840434497101E-19,-0.021,0.017));
#2360=CARTESIAN_POINT('',(0.007,-0.014,0.001));
#2361=CARTESIAN_POINT('',(-3.46944695195361E-18,0.021,0.001));
#2362=CARTESIAN_POINT('',(-2.44725134083136E-18,0.021,0.001));
#2363=CARTESIAN_POINT('',(-8.67361737988404E-19,6.93889390390723E-18,-0.006));
#2364=CARTESIAN_POINT('',(-1.89993523559365E-18,0.02,-0.006));
#2365=CARTESIAN_POINT('',(0.001,0.02,-0.006));
#2366=CARTESIAN_POINT('',(0.0005,0.0205,-0.005));
#2367=CARTESIAN_POINT('',(-1.89993523559365E-18,0.02,-0.006));
#2368=CARTESIAN_POINT('',(-1.89993523559365E-18,0.02,-0.006));
#2369=CARTESIAN_POINT('',(-0.0135,-0.02,-0.006));
#2370=CARTESIAN_POINT('',(-0.009,-0.0245,0.0045));
#2371=CARTESIAN_POINT('',(-0.0201666666666666,-0.0133333333333333,0.00166666666666667));
#2372=CARTESIAN_POINT('',(-0.0135,3.46944695195361E-18,-0.005));
#2373=CARTESIAN_POINT('',(-0.013,0.02,-0.0055));
#2374=CARTESIAN_POINT('',(-3.46944695195361E-18,0.021,-0.005));
#2375=CARTESIAN_POINT('',(-0.0125,0.021,-0.005));
#2376=CARTESIAN_POINT('',(2.77555756156289E-18,-0.02,0.));
#2377=CARTESIAN_POINT('',(-0.0165,-0.0205,0.0005));
#2378=CARTESIAN_POINT('',(-0.0125,0.021,-0.005));
#2379=CARTESIAN_POINT('',(-0.0125,0.021,-0.005));
#2380=CARTESIAN_POINT('',(-0.0175,-0.02,0.001));
#2381=CARTESIAN_POINT('',(-0.0175,-0.02,0.001));
#2382=CARTESIAN_POINT('',(-0.0175,-0.02,0.001));
#2383=CARTESIAN_POINT('',(-0.0125,0.021,0.017));
#2384=CARTESIAN_POINT('',(-0.00833333333333334,0.0251666666666667,0.00516666666666667));
#2385=CARTESIAN_POINT('',(-0.0165,-0.021,0.017));
#2386=CARTESIAN_POINT('',(-0.0178404255319149,-0.0196595744680851,0.00451331622771009));
#2387=CARTESIAN_POINT('',(-0.0165,4.21289987022939E-18,0.));
#2388=CARTESIAN_POINT('',(-0.0165,0.02,8.26058798084195E-20));
#2389=CARTESIAN_POINT('',(-3.46944695195361E-18,0.021,0.001));
#2390=CARTESIAN_POINT('',(-0.0165,0.02,-6.1331736667335E-19));
#2391=CARTESIAN_POINT('',(-0.024,-0.021,0.017));
#2392=CARTESIAN_POINT('',(-0.024,-0.021,0.005167376914899));
#2393=CARTESIAN_POINT('',(-0.025,-0.02,0.0125));
#2394=CARTESIAN_POINT('',(-0.0175,-0.0193846153846154,0.00437914993290211));
#2395=CARTESIAN_POINT('',(-0.024,-0.021,0.005167376914899));
#2396=CARTESIAN_POINT('',(-0.0165,0.02,0.));
#2397=CARTESIAN_POINT('',(-0.017,0.0205,0.001));
#2398=CARTESIAN_POINT('',(-0.025,-0.0165,0.0125));
#2399=CARTESIAN_POINT('',(-0.025,-0.0165,0.016));
#2400=CARTESIAN_POINT('',(-0.024,-0.021,0.005167376914899));
#2401=CARTESIAN_POINT('',(0.0075,1.09707591194896E-17,-0.02045));
#2402=CARTESIAN_POINT('',(-0.0175,0.02,-0.017475));
#2403=CARTESIAN_POINT('',(-0.0169468085106383,0.0205531914893617,0.00494935668583601));
#2404=CARTESIAN_POINT('',(-0.025,0.,0.016));
#2405=CARTESIAN_POINT('',(-0.025,0.0165,0.016));
#2406=CARTESIAN_POINT('',(-0.024,-6.77368214429039E-18,-0.02045));
#2407=CARTESIAN_POINT('',(0.0075,-1.82898728308259E-17,-0.02045));
#2408=CARTESIAN_POINT('',(-0.0175,0.021,0.00516737691489898));
#2409=CARTESIAN_POINT('',(-0.024,0.0201923076923077,0.00477326342390053));
#2410=CARTESIAN_POINT('',(-0.025,0.0165,0.0125));
#2411=CARTESIAN_POINT('',(-0.025,0.02,0.0125));
#2412=CARTESIAN_POINT('',(-0.025,0.02,0.00516737691489898));
#2413=CARTESIAN_POINT('',(-0.025,0.02,0.00516737691489898));
#2414=CARTESIAN_POINT('',(-0.025,0.02,0.017));
#2415=MECHANICAL_DESIGN_GEOMETRIC_PRESENTATION_REPRESENTATION('',(#1441),
#2416);
#2416=(
GEOMETRIC_REPRESENTATION_CONTEXT(3)
GLOBAL_UNCERTAINTY_ASSIGNED_CONTEXT((#2417))
GLOBAL_UNIT_ASSIGNED_CONTEXT((#2420,#2419,#2418))
REPRESENTATION_CONTEXT('Part 1','TOP_LEVEL_ASSEMBLY_PART')
);
#2417=UNCERTAINTY_MEASURE_WITH_UNIT(LENGTH_MEASURE(1.E-8),#2420,
'DISTANCE_ACCURACY_VALUE','Maximum Tolerance applied to model');
#2418=(
NAMED_UNIT(*)
SI_UNIT($,.STERADIAN.)
SOLID_ANGLE_UNIT()
);
#2419=(
NAMED_UNIT(*)
PLANE_ANGLE_UNIT()
SI_UNIT($,.RADIAN.)
);
#2420=(
LENGTH_UNIT()
NAMED_UNIT(*)
SI_UNIT($,.METRE.)
);
#2421=PRODUCT_DEFINITION_SHAPE('','',#2422);
#2422=PRODUCT_DEFINITION('','',#2424,#2423);
#2423=PRODUCT_DEFINITION_CONTEXT('',#2430,'design');
#2424=PRODUCT_DEFINITION_FORMATION_WITH_SPECIFIED_SOURCE('','',#2426,
 .NOT_KNOWN.);
#2425=PRODUCT_RELATED_PRODUCT_CATEGORY('','',(#2426));
#2426=PRODUCT('Part 1','Part 1','Part 1',(#2428));
#2427=PRODUCT_CATEGORY('','');
#2428=PRODUCT_CONTEXT('',#2430,'mechanical');
#2429=APPLICATION_PROTOCOL_DEFINITION('international standard',
'ap242_managed_model_based_3d_engineering',2011,#2430);
#2430=APPLICATION_CONTEXT('managed model based 3d engineering');
ENDSEC;
END-ISO-10303-21;
